"doi","article_id","title","year","license_url","pdf_file","xml_file","pdf_exists","xml_exists","in_rds","grobid_version","conversion_date"
"10.1177/0956797613520608","0956797613520608","Continuous Theta-Burst Stimulation Demonstrates a Causal Role of Premotor Homunculus in Action Understanding","2014","https://creativecommons.org/licenses/by/4.0/","pdf/psychsci_oa.0956797613520608.pdf","xml/psychsci_oa.0956797613520608.xml","TRUE","TRUE",TRUE,"0.9","2026-06-20"
"10.1177/0956797614527830","0956797614527830","Serotonin and Social Norms","2014","https://creativecommons.org/licenses/by-nc/3.0/ | https://journals.sagepub.com/page/policies/text-and-data-mining-license","pdf/psychsci_oa.0956797614527830.pdf","xml/psychsci_oa.0956797614527830.xml","TRUE","TRUE",TRUE,"0.9","2026-06-20"
"10.1177/0956797617694867","0956797617694867","People With Autism Spectrum Conditions Make More Consistent Decisions","2017","http://creativecommons.org/licenses/by/4.0/","pdf/psychsci_oa.0956797617694867.pdf","xml/psychsci_oa.0956797617694867.xml","TRUE","TRUE",TRUE,"0.9","2026-06-20"
"10.1177/0956797617702501","0956797617702501","Should Governments Invest More in Nudging?","2017","http://creativecommons.org/licenses/by-nc/4.0/","pdf/psychsci_oa.0956797617702501.pdf","xml/psychsci_oa.0956797617702501.xml","TRUE","TRUE",TRUE,"0.9","2026-06-20"
"10.1177/0956797617702699","0956797617702699","Pupillary Responses to Words That Convey a Sense of Brightness or Darkness","2017","http://creativecommons.org/licenses/by-nc/4.0/","pdf/psychsci_oa.0956797617702699.pdf","xml/psychsci_oa.0956797617702699.xml","TRUE","TRUE",TRUE,"0.9","2026-06-20"
"10.1177/0956797617705391","0956797617705391","Illusory Increases in Font Size Improve Letter Recognition","2017","http://creativecommons.org/licenses/by/4.0/","pdf/psychsci_oa.0956797617705391.pdf","xml/psychsci_oa.0956797617705391.xml","TRUE","TRUE",TRUE,"0.9","2026-06-20"
"10.1177/0956797617705667","0956797617705667","Lack of Free Choice Reveals the Cost of Having to Search for More Than One Object","2017","http://creativecommons.org/licenses/by-nc/4.0/","pdf/psychsci_oa.0956797617705667.pdf","xml/psychsci_oa.0956797617705667.xml","TRUE","TRUE",TRUE,"0.9","2026-06-20"
"10.1177/0956797617707270","0956797617707270","Genetic Influence on Intergenerational Educational Attainment","2017","http://creativecommons.org/licenses/by/4.0/","pdf/psychsci_oa.0956797617707270.pdf","xml/psychsci_oa.0956797617707270.xml","TRUE","TRUE",TRUE,"0.9","2026-06-20"
"10.1177/0956797617709813","0956797617709813","When Is Higher Neuroticism Protective Against Death? Findings From UK Biobank","2017","http://creativecommons.org/licenses/by/4.0/","pdf/psychsci_oa.0956797617709813.pdf","xml/psychsci_oa.0956797617709813.xml","TRUE","TRUE",TRUE,"0.9","2026-06-20"
"10.1177/0956797617724435","0956797617724435","Uncovering the Power of Personality to Shape Income","2018","http://creativecommons.org/licenses/by-nc/4.0/","pdf/psychsci_oa.0956797617724435.pdf","xml/psychsci_oa.0956797617724435.xml","TRUE","TRUE",TRUE,"0.9","2026-06-20"
"10.1177/0956797617729808","0956797617729808","Symmetric Objects Become Special in Perception Because of Generic Computations in Neurons","2018","http://creativecommons.org/licenses/by/4.0/","pdf/psychsci_oa.0956797617729808.pdf","xml/psychsci_oa.0956797617729808.xml","TRUE","TRUE",TRUE,"0.9","2026-06-20"
"10.1177/0956797618755322","0956797618755322","Structure and Implementation of Novel Task Rules: A Cross-Sectional Developmental Study","2018","http://creativecommons.org/licenses/by/4.0/","pdf/psychsci_oa.0956797618755322.pdf","xml/psychsci_oa.0956797618755322.xml","TRUE","TRUE",TRUE,"0.9","2026-06-20"
"10.1177/0956797618772822","0956797618772822","The Napoleon Complex: When Shorter Men Take More","2018","http://creativecommons.org/licenses/by-nc/4.0/","pdf/psychsci_oa.0956797618772822.pdf","xml/psychsci_oa.0956797618772822.xml","TRUE","TRUE",TRUE,"0.9","2026-06-20"
"10.1177/0956797618773095","0956797618773095","Reply to Ihmels and Ache (2018): Event-Based Conformity Versus Regression to the Mean","2018","http://creativecommons.org/licenses/by-nc/4.0/","pdf/psychsci_oa.0956797618773095.pdf","xml/psychsci_oa.0956797618773095.xml","TRUE","TRUE",TRUE,"0.9","2026-06-20"
"10.1177/0956797618815482","0956797618815482","Comparing the Effects of Hypothetical Moral Preferences on Real-Life and Hypothetical Behavior: Commentary on Bostyn, Sevenhant, and Roets (2018)","2019","http://creativecommons.org/licenses/by-nc/4.0/","pdf/psychsci_oa.0956797618815482.pdf","xml/psychsci_oa.0956797618815482.xml","TRUE","TRUE",TRUE,"0.9","2026-06-20"
"10.1177/0956797619830326","0956797619830326","The Prevalence of Marginally Significant Results in Psychology Over Time","2019","http://creativecommons.org/licenses/by/4.0/","pdf/psychsci_oa.0956797619830326.pdf","xml/psychsci_oa.0956797619830326.xml","TRUE","TRUE",TRUE,"0.9","2026-06-20"
"10.1177/0956797619831964","0956797619831964","Collective Emotions and Social Resilience in the Digital Traces After a Terrorist Attack","2019","http://creativecommons.org/licenses/by/4.0/","pdf/psychsci_oa.0956797619831964.pdf","xml/psychsci_oa.0956797619831964.xml","TRUE","TRUE",TRUE,"0.9","2026-06-20"
"10.1177/0956797619833325","0956797619833325","Conditioning on a Collider May or May Not Explain the Relationship Between Lower Neuroticism and Premature Mortality in the Study by Gale et al. (2017): A Reply to Richardson, Davey Smith, and Munafò (2019)","2019","http://creativecommons.org/licenses/by/4.0/","pdf/psychsci_oa.0956797619833325.pdf","xml/psychsci_oa.0956797619833325.xml","TRUE","TRUE",TRUE,"0.9","2026-06-20"
"10.1177/0956797619841265","0956797619841265","Mutualistic Coupling Between Vocabulary and Reasoning in Young Children: A Replication and Extension of the Study by Kievit et al. (2017)","2019","http://creativecommons.org/licenses/by/4.0/","pdf/psychsci_oa.0956797619841265.pdf","xml/psychsci_oa.0956797619841265.xml","TRUE","TRUE",TRUE,"0.9","2026-06-20"
"10.1177/0956797619851753","0956797619851753","High Endogenous Testosterone Levels Are Associated With Diminished Neural Emotional Control in Aggressive Police Recruits","2019","http://creativecommons.org/licenses/by-nc/4.0/","pdf/psychsci_oa.0956797619851753.pdf","xml/psychsci_oa.0956797619851753.xml","TRUE","TRUE",TRUE,"0.9","2026-06-20"
"10.1177/0956797619866625","0956797619866625","A Protracted Sensitive Period Regulates the Development of Cross-Modal Sound–Shape Associations in Humans","2019","http://creativecommons.org/licenses/by/4.0/","pdf/psychsci_oa.0956797619866625.pdf","xml/psychsci_oa.0956797619866625.xml","TRUE","TRUE",TRUE,"0.9","2026-06-20"
"10.1177/0956797619866627","0956797619866627","On the Limited Generality of Air Pollution and Anxiety as Causal Determinants of Unethical Behavior: Commentary on Lu, Lee, Gino, and Galinsky (2018)","2020","https://creativecommons.org/licenses/by-nc/4.0/","pdf/psychsci_oa.0956797619866627.pdf","xml/psychsci_oa.0956797619866627.xml","TRUE","TRUE",TRUE,"0.9","2026-06-20"
"10.1177/0956797619869905","0956797619869905","Scenes Modulate Object Processing Before Interacting With Memory Templates","2019","http://creativecommons.org/licenses/by/4.0/","pdf/psychsci_oa.0956797619869905.pdf","xml/psychsci_oa.0956797619869905.xml","TRUE","TRUE",TRUE,"0.9","2026-06-20"
"10.1177/0956797619876260","0956797619876260","Visually Entrained Theta Oscillations Increase for Unexpected Events in the Infant Brain","2019","http://creativecommons.org/licenses/by/4.0/","pdf/psychsci_oa.0956797619876260.pdf","xml/psychsci_oa.0956797619876260.xml","TRUE","TRUE",TRUE,"0.9","2026-06-20"
"10.1177/0956797619881134","0956797619881134","Reading Increases the Compositionality of Visual Word Representations",NA,"http://creativecommons.org/licenses/by-nc/4.0/","pdf/psychsci_oa.0956797619881134.pdf","xml/psychsci_oa.0956797619881134.xml","TRUE","TRUE",TRUE,"0.9","2026-06-20"
"10.1177/0956797619890619","0956797619890619","Implicit Gender Bias in Linguistic Descriptions for Expected Events: The Cases of the 2016 United States and 2017 United Kingdom Elections","2020","https://creativecommons.org/licenses/by/4.0/","pdf/psychsci_oa.0956797619890619.pdf","xml/psychsci_oa.0956797619890619.xml","TRUE","TRUE",TRUE,"0.9","2026-06-20"
"10.1177/0956797620903716","0956797620903716","Does Honesty Require Time? Two Preregistered Direct Replications of Experiment 2 of Shalvi, Eldar, and Bereby-Meyer (2012)","2020","https://creativecommons.org/licenses/by-nc/4.0/","pdf/psychsci_oa.0956797620903716.pdf","xml/psychsci_oa.0956797620903716.xml","TRUE","TRUE",TRUE,"0.9","2026-06-20"
"10.1177/0956797620904450","0956797620904450","Comparison of Adopted and Nonadopted Individuals Reveals Gene–Environment Interplay for Education in the UK Biobank","2020","https://creativecommons.org/licenses/by/4.0/","pdf/psychsci_oa.0956797620904450.pdf","xml/psychsci_oa.0956797620904450.xml","TRUE","TRUE",TRUE,"0.9","2026-06-20"
"10.1177/0956797620904990","0956797620904990","Strong Effort Manipulations Reduce Response Caution: A Preregistered Reinvention of the Ego-Depletion Paradigm","2020","https://creativecommons.org/licenses/by-nc/4.0/","pdf/psychsci_oa.0956797620904990.pdf","xml/psychsci_oa.0956797620904990.xml","TRUE","TRUE",TRUE,"0.9","2026-06-20"
"10.1177/0956797620915887","0956797620915887","B or 13? Unconscious Top-Down Contextual Effects at the Categorical but Not the Lexical Level","2020","https://creativecommons.org/licenses/by-nc/4.0/","pdf/psychsci_oa.0956797620915887.pdf","xml/psychsci_oa.0956797620915887.xml","TRUE","TRUE",TRUE,"0.9","2026-06-20"
"10.1177/0956797620916521","0956797620916521","Transaction Frame Determines Preferences: Valuation of Labor by Employee and Contractor","2020","https://creativecommons.org/licenses/by-nc/4.0/","pdf/psychsci_oa.0956797620916521.pdf","xml/psychsci_oa.0956797620916521.xml","TRUE","TRUE",TRUE,"0.9","2026-06-20"
"10.1177/0956797620916782","0956797620916782","Beyond Western, Educated, Industrial, Rich, and Democratic (WEIRD) Psychology: Measuring and Mapping Scales of Cultural and Psychological Distance",NA,"https://creativecommons.org/licenses/by-nc/4.0/","pdf/psychsci_oa.0956797620916782.pdf","xml/psychsci_oa.0956797620916782.xml","TRUE","TRUE",TRUE,"0.9","2026-06-20"
"10.1177/0956797620927648","0956797620927648","Aging Predicts Decline in Explicit and Implicit Memory: A Life-Span Study",NA,"https://creativecommons.org/licenses/by/4.0/","pdf/psychsci_oa.0956797620927648.pdf","xml/psychsci_oa.0956797620927648.xml","TRUE","TRUE",TRUE,"0.9","2026-06-20"
"10.1177/0956797620927967","0956797620927967","Affective Arousal Links Sound to Meaning","2020","https://creativecommons.org/licenses/by-nc/4.0/","pdf/psychsci_oa.0956797620927967.pdf","xml/psychsci_oa.0956797620927967.xml","TRUE","TRUE",TRUE,"0.9","2026-06-20"
"10.1177/0956797620929297","0956797620929297","“This Is What a Mechanic Sounds Like”: Children’s Vocal Control Reveals Implicit Occupational Stereotypes","2020","https://creativecommons.org/licenses/by-nc/4.0/","pdf/psychsci_oa.0956797620929297.pdf","xml/psychsci_oa.0956797620929297.xml","TRUE","TRUE",TRUE,"0.9","2026-06-20"
"10.1177/0956797620929302","0956797620929302","Exploring the Impact of Mindfulness on False-Memory Susceptibility","2020","https://creativecommons.org/licenses/by-nc/4.0/","pdf/psychsci_oa.0956797620929302.pdf","xml/psychsci_oa.0956797620929302.xml","TRUE","TRUE",TRUE,"0.9","2026-06-20"
"10.1177/0956797620931108","0956797620931108","Revisiting the Suffixing Preference: Native-Language Affixation Patterns Influence Perception of Sequences","2020","https://creativecommons.org/licenses/by/4.0/","pdf/psychsci_oa.0956797620931108.pdf","xml/psychsci_oa.0956797620931108.xml","TRUE","TRUE",TRUE,"0.9","2026-06-20"
"10.1177/0956797620939054","0956797620939054","Fighting COVID-19 Misinformation on Social Media: Experimental Evidence for a Scalable Accuracy-Nudge Intervention","2020","https://creativecommons.org/licenses/by/4.0/","pdf/psychsci_oa.0956797620939054.pdf","xml/psychsci_oa.0956797620939054.xml","TRUE","TRUE",TRUE,"0.9","2026-06-20"
"10.1177/0956797620941840","0956797620941840","Enhancing the Wisdom of the Crowd With Cognitive-Process Diversity: The Benefits of Aggregating Intuitive and Analytical Judgments","2020","https://creativecommons.org/licenses/by/4.0/","pdf/psychsci_oa.0956797620941840.pdf","xml/psychsci_oa.0956797620941840.xml","TRUE","TRUE",TRUE,"0.9","2026-06-20"
"10.1177/0956797620948821","0956797620948821","Moral Choice When Harming Is Unavoidable","2020","https://creativecommons.org/licenses/by-nc/4.0/","pdf/psychsci_oa.0956797620948821.pdf","xml/psychsci_oa.0956797620948821.xml","TRUE","TRUE",TRUE,"0.9","2026-06-20"
"10.1177/0956797620951115","0956797620951115","The Well-Being Benefits of Person-Culture Match Are Contingent on Basic Personality Traits","2020","https://creativecommons.org/licenses/by/4.0/","pdf/psychsci_oa.0956797620951115.pdf","xml/psychsci_oa.0956797620951115.xml","TRUE","TRUE",TRUE,"0.9","2026-06-20"
"10.1177/0956797620954815","0956797620954815","Automatic Guidance (and Misguidance) of Visuospatial Attention by Acquired Scene Memory: Evidence From an N1pc Polarity Reversal","2020","https://creativecommons.org/licenses/by-nc/4.0/","pdf/psychsci_oa.0956797620954815.pdf","xml/psychsci_oa.0956797620954815.xml","TRUE","TRUE",TRUE,"0.9","2026-06-20"
"10.1177/0956797620955209","0956797620955209","Preregistered Direct Replication of “Sick Body, Vigilant Mind: The Biological Immune System Activates the Behavioral Immune System”","2020","https://creativecommons.org/licenses/by/4.0/","pdf/psychsci_oa.0956797620955209.pdf","xml/psychsci_oa.0956797620955209.xml","TRUE","TRUE",TRUE,"0.9","2026-06-20"
"10.1177/0956797620957625","0956797620957625","Prosocial Influence and Opportunistic Conformity in Adolescents and Young Adults","2020","https://creativecommons.org/licenses/by/4.0/","pdf/psychsci_oa.0956797620957625.pdf","xml/psychsci_oa.0956797620957625.xml","TRUE","TRUE",TRUE,"0.9","2026-06-20"
"10.1177/0956797620958638","0956797620958638","Keeping an Eye on Effort: A Pupillometric Investigation of Effort and Effortlessness in Visual Word Recognition","2021","https://creativecommons.org/licenses/by-nc/4.0/","pdf/psychsci_oa.0956797620958638.pdf","xml/psychsci_oa.0956797620958638.xml","TRUE","TRUE",TRUE,"0.9","2026-06-20"
"10.1177/0956797620958650","0956797620958650","Expectancy Violation Drives Memory Boost for Stressful Events","2020","https://creativecommons.org/licenses/by-nc/4.0/","pdf/psychsci_oa.0956797620958650.pdf","xml/psychsci_oa.0956797620958650.xml","TRUE","TRUE",TRUE,"0.9","2026-06-20"
"10.1177/0956797620959014","0956797620959014","Why Is an Early Start of Training Related to Musical Skills in Adulthood? A Genetically Informative Study","2021","https://creativecommons.org/licenses/by/4.0/","pdf/psychsci_oa.0956797620959014.pdf","xml/psychsci_oa.0956797620959014.xml","TRUE","TRUE",TRUE,"0.9","2026-06-20"
"10.1177/0956797620960011","0956797620960011","Behavioral Immune Trade-Offs: Interpersonal Value Relaxes Social Pathogen Avoidance","2020","https://creativecommons.org/licenses/by/4.0/","pdf/psychsci_oa.0956797620960011.pdf","xml/psychsci_oa.0956797620960011.xml","TRUE","TRUE",TRUE,"0.9","2026-06-20"
"10.1177/0956797620960392","0956797620960392","Dissociating Representations of Time and Number in Reinforcement-Rate Learning by Deletion of the GluA1 AMPA Receptor Subunit in Mice","2021","https://creativecommons.org/licenses/by/4.0/","pdf/psychsci_oa.0956797620960392.pdf","xml/psychsci_oa.0956797620960392.xml","TRUE","TRUE",TRUE,"0.9","2026-06-20"
"10.1177/0956797620960396","0956797620960396","Never Too Much—The Benefit of Talent to Team Performance in the National Basketball Association: Comment on Swaab, Schaerer, Anicich, Ronay, and Galinsky (2014)","2021","https://creativecommons.org/licenses/by/4.0/","pdf/psychsci_oa.0956797620960396.pdf","xml/psychsci_oa.0956797620960396.xml","TRUE","TRUE",TRUE,"0.9","2026-06-20"
"10.1177/0956797620963612","0956797620963612","Preparing for the Worst: Attention is Enhanced Prior to Any Upcoming Emotional or Neutral Stimulus","2021","https://creativecommons.org/licenses/by-nc/4.0/","pdf/psychsci_oa.0956797620963612.pdf","xml/psychsci_oa.0956797620963612.xml","TRUE","TRUE",TRUE,"0.9","2026-06-20"
"10.1177/0956797620963615","0956797620963615","The Lure of Counterfactual Curiosity: People Incur a Cost to Experience Regret","2021","https://creativecommons.org/licenses/by/4.0/","pdf/psychsci_oa.0956797620963615.pdf","xml/psychsci_oa.0956797620963615.xml","TRUE","TRUE",TRUE,"0.9","2026-06-20"
"10.1177/0956797620965520","0956797620965520","Alertness Training Increases Visual Processing Speed in Healthy Older Adults","2021","https://creativecommons.org/licenses/by-nc/4.0/","pdf/psychsci_oa.0956797620965520.pdf","xml/psychsci_oa.0956797620965520.xml","TRUE","TRUE",TRUE,"0.9","2026-06-20"
"10.1177/0956797620965536","0956797620965536","Narcissism and Leadership in Children","2021","https://creativecommons.org/licenses/by/4.0/","pdf/psychsci_oa.0956797620965536.pdf","xml/psychsci_oa.0956797620965536.xml","TRUE","TRUE",TRUE,"0.9","2026-06-20"
"10.1177/0956797620968789","0956797620968789","A Tale of Two Modalities: Sign and Speech Influence Each Other in Bimodal Bilinguals","2021","https://creativecommons.org/licenses/by/4.0/","pdf/psychsci_oa.0956797620968789.pdf","xml/psychsci_oa.0956797620968789.xml","TRUE","TRUE",TRUE,"0.9","2026-06-20"
"10.1177/0956797620968790","0956797620968790","The Dramatic Impact of Explicit Instruction on Learning to Read in a New Writing System","2021","https://creativecommons.org/licenses/by/4.0/","pdf/psychsci_oa.0956797620968790.pdf","xml/psychsci_oa.0956797620968790.xml","TRUE","TRUE",TRUE,"0.9","2026-06-20"
"10.1177/0956797620970548","0956797620970548","Titrating the Smell of Fear: Initial Evidence for Dose-Invariant Behavioral, Physiological, and Neural Responses","2021","https://creativecommons.org/licenses/by/4.0/","pdf/psychsci_oa.0956797620970548.pdf","xml/psychsci_oa.0956797620970548.xml","TRUE","TRUE",TRUE,"0.9","2026-06-20"
"10.1177/0956797620970559","0956797620970559","Effects of Time-Varying Parent Input on Children’s Language Outcomes Differ for Vocabulary and Syntax","2021","https://creativecommons.org/licenses/by/4.0/","pdf/psychsci_oa.0956797620970559.pdf","xml/psychsci_oa.0956797620970559.xml","TRUE","TRUE",TRUE,"0.9","2026-06-20"
"10.1177/0956797620971298","0956797620971298","Physical Strength Partly Explains Sex Differences in Trait Anxiety in Young Americans","2021","https://creativecommons.org/licenses/by-nc/4.0/","pdf/psychsci_oa.0956797620971298.pdf","xml/psychsci_oa.0956797620971298.xml","TRUE","TRUE",TRUE,"0.9","2026-06-20"
"10.1177/0956797620971652","0956797620971652","Does Neuronal Recycling Result in Destructive Competition? The Influence of Learning to Read on the Recognition of Faces","2021","https://creativecommons.org/licenses/by/4.0/","pdf/psychsci_oa.0956797620971652.pdf","xml/psychsci_oa.0956797620971652.xml","TRUE","TRUE",TRUE,"0.9","2026-06-20"
"10.1177/0956797620971654","0956797620971654","Patterns of Genital Sexual Arousal in Transgender Men","2021","https://creativecommons.org/licenses/by/4.0/","pdf/psychsci_oa.0956797620971654.pdf","xml/psychsci_oa.0956797620971654.xml","TRUE","TRUE",TRUE,"0.9","2026-06-20"
"10.1177/0956797620972116","0956797620972116","Playing With Fear: A Field Study in Recreational Horror","2020","https://creativecommons.org/licenses/by-nc/4.0/","pdf/psychsci_oa.0956797620972116.pdf","xml/psychsci_oa.0956797620972116.xml","TRUE","TRUE",TRUE,"0.9","2026-06-20"
"10.1177/0956797620972491","0956797620972491","Forgetting the Future: Emotion Improves Memory for Imagined Future Events in Healthy Individuals but Not Individuals With Anxiety","2021","https://creativecommons.org/licenses/by/4.0/","pdf/psychsci_oa.0956797620972491.pdf","xml/psychsci_oa.0956797620972491.xml","TRUE","TRUE",TRUE,"0.9","2026-06-20"
"10.1177/0956797620975781","0956797620975781","Aging Increases Prosocial Motivation for Effort","2021","https://creativecommons.org/licenses/by/4.0/","pdf/psychsci_oa.0956797620975781.pdf","xml/psychsci_oa.0956797620975781.xml","TRUE","TRUE",TRUE,"0.9","2026-06-20"
"10.1177/0956797620975785","0956797620975785","Massive Effects of Saliency on Information Processing in Visual Working Memory","2021","https://creativecommons.org/licenses/by/4.0/","pdf/psychsci_oa.0956797620975785.pdf","xml/psychsci_oa.0956797620975785.xml","TRUE","TRUE",TRUE,"0.9","2026-06-20"
"10.1177/0956797620984464","0956797620984464","The Foreground Bias: Initial Scene Representations Across the Depth Plane","2021","https://creativecommons.org/licenses/by-nc/4.0/","pdf/psychsci_oa.0956797620984464.pdf","xml/psychsci_oa.0956797620984464.xml","TRUE","TRUE",TRUE,"0.9","2026-06-20"
"10.1177/0956797620985832","0956797620985832","Correlates of Hallucinatory Experiences in the General Population: An International Multisite Replication Study","2021","https://creativecommons.org/licenses/by/4.0/","pdf/psychsci_oa.0956797620985832.pdf","xml/psychsci_oa.0956797620985832.xml","TRUE","TRUE",TRUE,"0.9","2026-06-20"
"10.1177/09567976211001317","09567976211001317","Frequency-Specific Effects in Infant Electroencephalograms Do Not Require Entrained Neural Oscillations: A Commentary on Köster et al. (2019)","2021","https://creativecommons.org/licenses/by-nc/4.0/","pdf/psychsci_oa.09567976211001317.pdf","xml/psychsci_oa.09567976211001317.xml","TRUE","TRUE",TRUE,"0.9","2026-06-20"
"10.1177/09567976211005465","09567976211005465","Acute Psychosocial Stress Increases Cognitive-Effort Avoidance","2021","https://creativecommons.org/licenses/by/4.0/","pdf/psychsci_oa.09567976211005465.pdf","xml/psychsci_oa.09567976211005465.xml","TRUE","TRUE",TRUE,"0.9","2026-06-20"
"10.1177/09567976211005767","09567976211005767","The Effect of Replications on Citation Patterns: Evidence From a Large-Scale Reproducibility Project","2021","https://creativecommons.org/licenses/by/4.0/","pdf/psychsci_oa.09567976211005767.pdf","xml/psychsci_oa.09567976211005767.xml","TRUE","TRUE",TRUE,"0.9","2026-06-20"
"10.1177/09567976211006432","09567976211006432","Revisiting the Integration Hypothesis: Correlational and Longitudinal Meta-Analyses Demonstrate the Limited Role of Acculturation for Cross-Cultural Adaptation","2021","https://creativecommons.org/licenses/by/4.0/ | https://journals.sagepub.com/page/policies/text-and-data-mining-license","pdf/psychsci_oa.09567976211006432.pdf","xml/psychsci_oa.09567976211006432.xml","TRUE","TRUE",TRUE,"0.9","2026-06-20"
"10.1177/09567976211007414","09567976211007414","Absolute Versus Relative Success: Why Overconfidence Creates an Inefficient Equilibrium","2021","https://creativecommons.org/licenses/by/4.0/","pdf/psychsci_oa.09567976211007414.pdf","xml/psychsci_oa.09567976211007414.xml","TRUE","TRUE",TRUE,"0.9","2026-06-20"
"10.1177/09567976211007788","09567976211007788","Boosting Understanding and Identification of Scientific Consensus Can Help to Correct False Beliefs","2021","https://creativecommons.org/licenses/by/4.0/","pdf/psychsci_oa.09567976211007788.pdf","xml/psychsci_oa.09567976211007788.xml","TRUE","TRUE",TRUE,"0.9","2026-06-20"
"10.1177/09567976211010718","09567976211010718","Dimensions of Perception: 3D Real-Life Objects Are More Readily Detected Than Their 2D Images","2021","https://creativecommons.org/licenses/by-nc/4.0/","pdf/psychsci_oa.09567976211010718.pdf","xml/psychsci_oa.09567976211010718.xml","TRUE","TRUE",TRUE,"0.9","2026-06-20"
"10.1177/09567976211011969","09567976211011969","Seek and Ye Shall Be Fine: Attitudes Toward Political-Perspective Seekers","2021","https://creativecommons.org/licenses/by/4.0/","pdf/psychsci_oa.09567976211011969.pdf","xml/psychsci_oa.09567976211011969.xml","TRUE","TRUE",TRUE,"0.9","2026-06-20"
"10.1177/09567976211013045","09567976211013045","Theta-Rhythmic Oscillation of Working Memory Performance","2021","https://creativecommons.org/licenses/by/4.0/","pdf/psychsci_oa.09567976211013045.pdf","xml/psychsci_oa.09567976211013045.xml","TRUE","TRUE",TRUE,"0.9","2026-06-20"
"10.1177/09567976211013801","09567976211013801","Lifting the Bar: A Relationship-Orienting Intervention Reduces Recidivism Among Children Reentering School From Juvenile Detention","2021","https://creativecommons.org/licenses/by-nc/4.0/","pdf/psychsci_oa.09567976211013801.pdf","xml/psychsci_oa.09567976211013801.xml","TRUE","TRUE",TRUE,"0.9","2026-06-20"
"10.1177/09567976211015941","09567976211015941","A Personal Model of Trumpery: Linguistic Deception Detection in a Real-World High-Stakes Setting","2022","https://creativecommons.org/licenses/by/4.0/","pdf/psychsci_oa.09567976211015941.pdf","xml/psychsci_oa.09567976211015941.xml","TRUE","TRUE",TRUE,"0.9","2026-06-20"
"10.1177/09567976211015942","09567976211015942","When Helping Is Risky: The Behavioral and Neurobiological Trade-off of Social and Risk Preferences","2021","https://creativecommons.org/licenses/by/4.0/","pdf/psychsci_oa.09567976211015942.pdf","xml/psychsci_oa.09567976211015942.xml","TRUE","TRUE",TRUE,"0.9","2026-06-20"
"10.1177/09567976211016395","09567976211016395","Gender Gaps in Deceptive Self-Presentation on Social-Media Platforms Vary With Gender Equality: A Multinational Investigation","2021","https://creativecommons.org/licenses/by/4.0/","pdf/psychsci_oa.09567976211016395.pdf","xml/psychsci_oa.09567976211016395.xml","TRUE","TRUE",TRUE,"0.9","2026-06-20"
"10.1177/09567976211016410","09567976211016410","Predictors of Listening-Related Fatigue Across the Adult Life Span","2021","https://creativecommons.org/licenses/by/4.0/","pdf/psychsci_oa.09567976211016410.pdf","xml/psychsci_oa.09567976211016410.xml","TRUE","TRUE",TRUE,"0.9","2026-06-20"
"10.1177/09567976211017870","09567976211017870","Sources of Cognitive Conflict and Their Relevance to Theory-of-Mind Proficiency in Healthy Aging: A Preregistered Study","2021","https://creativecommons.org/licenses/by/4.0/","pdf/psychsci_oa.09567976211017870.pdf","xml/psychsci_oa.09567976211017870.xml","TRUE","TRUE",TRUE,"0.9","2026-06-20"
"10.1177/09567976211018618","09567976211018618","The Self in the Mind’s Eye: Revealing How We Truly See Ourselves Through Reverse Correlation","2021","https://creativecommons.org/licenses/by-nc/4.0/","pdf/psychsci_oa.09567976211018618.pdf","xml/psychsci_oa.09567976211018618.xml","TRUE","TRUE",TRUE,"0.9","2026-06-20"
"10.1177/09567976211019950","09567976211019950","Little Between-Region and Between-Country Variance When People Form Impressions of Others","2021","https://creativecommons.org/licenses/by/4.0/","pdf/psychsci_oa.09567976211019950.pdf","xml/psychsci_oa.09567976211019950.xml","TRUE","TRUE",TRUE,"0.9","2026-06-20"
"10.1177/09567976211024259","09567976211024259","Facial Impressions Are Predicted by the Structure of Group Stereotypes","2021","https://creativecommons.org/licenses/by/4.0/","pdf/psychsci_oa.09567976211024259.pdf","xml/psychsci_oa.09567976211024259.xml","TRUE","TRUE",TRUE,"0.9","2026-06-20"
"10.1177/09567976211024260","09567976211024260","Coping With Health Threats: The Costs and Benefits of Managing Emotions","2021","https://creativecommons.org/licenses/by-nc/4.0/","pdf/psychsci_oa.09567976211024260.pdf","xml/psychsci_oa.09567976211024260.xml","TRUE","TRUE",TRUE,"0.9","2026-06-20"
"10.1177/09567976211024535","09567976211024535","How Accurate Are Accuracy-Nudge Interventions? A Preregistered Direct Replication of Pennycook et al. (2020)","2021","https://creativecommons.org/licenses/by/4.0/","pdf/psychsci_oa.09567976211024535.pdf","xml/psychsci_oa.09567976211024535.xml","TRUE","TRUE",TRUE,"0.9","2026-06-20"
"10.1177/09567976211026983","09567976211026983","Time to Pay Attention? Information Search Explains Amplified Framing Effects Under Time Pressure","2022","https://creativecommons.org/licenses/by/4.0/","pdf/psychsci_oa.09567976211026983.pdf","xml/psychsci_oa.09567976211026983.xml","TRUE","TRUE",TRUE,"0.9","2026-06-20"
"10.1177/09567976211028978","09567976211028978","Resourceful Actors, Not Weak Victims: Reframing Refugees’ Stigmatized Identity Enhances Long-Term Academic Engagement","2021","https://creativecommons.org/licenses/by-nc/4.0/","pdf/psychsci_oa.09567976211028978.pdf","xml/psychsci_oa.09567976211028978.xml","TRUE","TRUE",TRUE,"0.9","2026-06-20"
"10.1177/09567976211030630","09567976211030630","Naturalistic Face Learning in Infants and Adults","2022","https://creativecommons.org/licenses/by-nc/4.0/","pdf/psychsci_oa.09567976211030630.pdf","xml/psychsci_oa.09567976211030630.xml","TRUE","TRUE",TRUE,"0.9","2026-06-20"
"10.1177/09567976211031847","09567976211031847","The Psychological Burden of the COVID-19 Pandemic Is Associated With Antisystemic Attitudes and Political Violence","2021","https://creativecommons.org/licenses/by/4.0/ | https://journals.sagepub.com/page/policies/text-and-data-mining-license","pdf/psychsci_oa.09567976211031847.pdf","xml/psychsci_oa.09567976211031847.xml","TRUE","TRUE",TRUE,"0.9","2026-06-20"
"10.1177/09567976211032224","09567976211032224","Copy the In-group: Group Membership Trumps Perceived Reliability, Warmth, and Competence in a Social-Learning Task","2022","https://creativecommons.org/licenses/by/4.0/","pdf/psychsci_oa.09567976211032224.pdf","xml/psychsci_oa.09567976211032224.xml","TRUE","TRUE",TRUE,"0.9","2026-06-20"
"10.1177/09567976211032676","09567976211032676","Scene Context Impairs Perception of Semantically Congruent Objects","2022","https://creativecommons.org/licenses/by/4.0/","pdf/psychsci_oa.09567976211032676.pdf","xml/psychsci_oa.09567976211032676.xml","TRUE","TRUE",TRUE,"0.9","2026-06-20"
"10.1177/09567976211034501","09567976211034501","Uncertainty and Prior Assumptions, Rather Than Innate Logarithmic Encoding, Explain Nonlinear Number-to-Space Mapping","2022","https://creativecommons.org/licenses/by-nc/4.0/","pdf/psychsci_oa.09567976211034501.pdf","xml/psychsci_oa.09567976211034501.xml","TRUE","TRUE",TRUE,"0.9","2026-06-20"
"10.1177/09567976211037971","09567976211037971","Acting Like a Baby Boomer? Birth-Cohort Differences in Adults’ Personality Trajectories During the Last Half a Century","2022","https://creativecommons.org/licenses/by-nc/4.0/","pdf/psychsci_oa.09567976211037971.pdf","xml/psychsci_oa.09567976211037971.xml","TRUE","TRUE",TRUE,"0.9","2026-06-20"
"10.1177/09567976211040491","09567976211040491","Behavioral Consistency in the Digital Age","2022","https://creativecommons.org/licenses/by/4.0/","pdf/psychsci_oa.09567976211040491.pdf","xml/psychsci_oa.09567976211040491.xml","TRUE","TRUE",TRUE,"0.9","2026-06-20"
"10.1177/09567976211040803","09567976211040803","Moral Frames Are Persuasive and Moralize Attitudes; Nonmoral Frames Are Persuasive and De-Moralize Attitudes","2022","https://creativecommons.org/licenses/by/4.0/","pdf/psychsci_oa.09567976211040803.pdf","xml/psychsci_oa.09567976211040803.xml","TRUE","TRUE",TRUE,"0.9","2026-06-20"
"10.1177/09567976211043426","09567976211043426","Computational Methods for Predicting and Understanding Food Judgment","2022","https://creativecommons.org/licenses/by/4.0/","pdf/psychsci_oa.09567976211043426.pdf","xml/psychsci_oa.09567976211043426.xml","TRUE","TRUE",TRUE,"0.9","2026-06-20"
"10.1177/09567976211043428","09567976211043428","The Cognition/Metacognition Trade-Off","2022","https://creativecommons.org/licenses/by-nc/4.0/","pdf/psychsci_oa.09567976211043428.pdf","xml/psychsci_oa.09567976211043428.xml","TRUE","TRUE",TRUE,"0.9","2026-06-20"
"10.1177/09567976211046884","09567976211046884","The Importance of Random Slopes in Mixed Models for Bayesian Hypothesis Testing","2022","https://creativecommons.org/licenses/by-nc/4.0/","pdf/psychsci_oa.09567976211046884.pdf","xml/psychsci_oa.09567976211046884.xml","TRUE","TRUE",TRUE,"0.9","2026-06-20"
"10.1177/09567976211048485","09567976211048485","Eliminating the Low-Prevalence Effect in Visual Search With a Remarkably Simple Strategy","2022","https://creativecommons.org/licenses/by-nc/4.0/","pdf/psychsci_oa.09567976211048485.pdf","xml/psychsci_oa.09567976211048485.xml","TRUE","TRUE",TRUE,"0.9","2026-06-20"
"10.1177/09567976211049439","09567976211049439","Says Who? Credibility Effects in Self-Verification Strivings","2022","https://creativecommons.org/licenses/by-nc/4.0/","pdf/psychsci_oa.09567976211049439.pdf","xml/psychsci_oa.09567976211049439.xml","TRUE","TRUE",TRUE,"0.9","2026-06-20"
"10.1177/09567976211051272","09567976211051272","Racial Bias in Police Traffic Stops: White Residents’ County-Level Prejudice and Stereotypes Are Related to Disproportionate Stopping of Black Drivers","2022","https://creativecommons.org/licenses/by-nc/4.0/","pdf/psychsci_oa.09567976211051272.pdf","xml/psychsci_oa.09567976211051272.xml","TRUE","TRUE",TRUE,"0.9","2026-06-20"
"10.1177/09567976211052476","09567976211052476","Sustained Stress Reduces the Age Advantages in Emotional Experience of Older Adults: Commentary on Carstensen et al. (2020)","2021","https://creativecommons.org/licenses/by/4.0/","pdf/psychsci_oa.09567976211052476.pdf","xml/psychsci_oa.09567976211052476.xml","TRUE","TRUE",TRUE,"0.9","2026-06-20"
"10.1177/09567976211055375","09567976211055375","Working Memory Content Is Distorted by Its Use in Perceptual Comparisons","2022","https://creativecommons.org/licenses/by/4.0/","pdf/psychsci_oa.09567976211055375.pdf","xml/psychsci_oa.09567976211055375.xml","TRUE","TRUE",TRUE,"0.9","2026-06-20"
"10.1177/09567976211059801","09567976211059801","The Language of Social Touch Is Intuitive and Quantifiable","2022","https://creativecommons.org/licenses/by/4.0/","pdf/psychsci_oa.09567976211059801.pdf","xml/psychsci_oa.09567976211059801.xml","TRUE","TRUE",TRUE,"0.9","2026-06-20"
"10.1177/09567976211061321","09567976211061321","Taking a Disagreeing Perspective Improves the Accuracy of People’s Quantitative Estimates","2022","https://creativecommons.org/licenses/by/4.0/","pdf/psychsci_oa.09567976211061321.pdf","xml/psychsci_oa.09567976211061321.xml","TRUE","TRUE",TRUE,"0.9","2026-06-20"
"10.1177/09567976211068045","09567976211068045","Little Support for Discrete Item Limits in Visual Working Memory","2022","https://creativecommons.org/licenses/by/4.0/","pdf/psychsci_oa.09567976211068045.pdf","xml/psychsci_oa.09567976211068045.xml","TRUE","TRUE",TRUE,"0.9","2026-06-20"
"10.1177/09567976211068070","09567976211068070","Human Echolocators Have Better Localization Off Axis","2022","https://creativecommons.org/licenses/by/4.0/","pdf/psychsci_oa.09567976211068070.pdf","xml/psychsci_oa.09567976211068070.xml","TRUE","TRUE",TRUE,"0.9","2026-06-20"
"10.1177/09567976211068880","09567976211068880","I Hear My Voice; Therefore I Spoke: The Sense of Agency Over Speech Is Enhanced by Hearing One’s Own Voice","2022","https://creativecommons.org/licenses/by-nc/4.0/","pdf/psychsci_oa.09567976211068880.pdf","xml/psychsci_oa.09567976211068880.xml","TRUE","TRUE",TRUE,"0.9","2026-06-20"
"10.1177/0956797621991137","0956797621991137","How Long Does It Take for a Voice to Become Familiar? Speech Intelligibility and Voice Recognition Are Differentially Sensitive to Voice Training","2021","https://creativecommons.org/licenses/by-nc/4.0/","pdf/psychsci_oa.0956797621991137.pdf","xml/psychsci_oa.0956797621991137.xml","TRUE","TRUE",TRUE,"0.9","2026-06-20"
"10.1177/0956797621991548","0956797621991548","Exploring the Facets of Emotional Episodic Memory: Remembering “What,” “When,” and “Which”","2021","https://creativecommons.org/licenses/by-nc/4.0/","pdf/psychsci_oa.0956797621991548.pdf","xml/psychsci_oa.0956797621991548.xml","TRUE","TRUE",TRUE,"0.9","2026-06-20"
"10.1177/0956797621993107","0956797621993107","Beyond the Shape of Things: Infants Can Be Taught to Generalize Nouns by Objects’ Functions","2021","https://creativecommons.org/licenses/by/4.0/","pdf/psychsci_oa.0956797621993107.pdf","xml/psychsci_oa.0956797621993107.xml","TRUE","TRUE",TRUE,"0.9","2026-06-20"
"10.1177/0956797621993108","0956797621993108","The Bilingual Advantage in Children’s Executive Functioning Is Not Related to Language Status: A Meta-Analytic Review","2021","https://creativecommons.org/licenses/by-nc/4.0/ | https://journals.sagepub.com/page/policies/text-and-data-mining-license","pdf/psychsci_oa.0956797621993108.pdf","xml/psychsci_oa.0956797621993108.xml","TRUE","TRUE",TRUE,"0.9","2026-06-20"
"10.1177/0956797621995197","0956797621995197","Let’s Talk About Each Other: Neural Responses to Dissenting Personality Evaluations Based on Real Dyadic Interactions","2021","https://creativecommons.org/licenses/by/4.0/","pdf/psychsci_oa.0956797621995197.pdf","xml/psychsci_oa.0956797621995197.xml","TRUE","TRUE",TRUE,"0.9","2026-06-20"
"10.1177/0956797621995202","0956797621995202","The Experience of Empathy in Everyday Life","2021","https://creativecommons.org/licenses/by/4.0/","pdf/psychsci_oa.0956797621995202.pdf","xml/psychsci_oa.0956797621995202.xml","TRUE","TRUE",TRUE,"0.9","2026-06-20"
"10.1177/0956797621996659","0956797621996659","What Is Time Good for in Working Memory?",NA,"https://creativecommons.org/licenses/by/4.0/","pdf/psychsci_oa.0956797621996659.pdf","xml/psychsci_oa.0956797621996659.xml","TRUE","TRUE",TRUE,"0.9","2026-06-20"
"10.1177/0956797621996660","0956797621996660","Search for the Unknown: Guidance of Visual Search in the Absence of an Active Template","2021","https://creativecommons.org/licenses/by-nc/4.0/","pdf/psychsci_oa.0956797621996660.pdf","xml/psychsci_oa.0956797621996660.xml","TRUE","TRUE",TRUE,"0.9","2026-06-20"
"10.1177/0956797621996667","0956797621996667","Charged With a Crime: The Neuronal Signature of Processing Negatively Evaluated Faces Under Different Attentional Conditions",NA,"https://creativecommons.org/licenses/by/4.0/","pdf/psychsci_oa.0956797621996667.pdf","xml/psychsci_oa.0956797621996667.xml","TRUE","TRUE",TRUE,"0.9","2026-06-20"
"10.1177/0956797621997350","0956797621997350","Sex, Drugs, and Genes: Illuminating the Moral Condemnation of Recreational Drugs","2021","https://creativecommons.org/licenses/by/4.0/","pdf/psychsci_oa.0956797621997350.pdf","xml/psychsci_oa.0956797621997350.xml","TRUE","TRUE",TRUE,"0.9","2026-06-20"
"10.1177/0956797621997366","0956797621997366","Mind-Body Practices and Self-Enhancement: Direct Replications of Gebauer et al.’s (2018) Experiments 1 and 2","2021","https://creativecommons.org/licenses/by-nc/4.0/","pdf/psychsci_oa.0956797621997366.pdf","xml/psychsci_oa.0956797621997366.xml","TRUE","TRUE",TRUE,"0.9","2026-06-20"
"10.1177/0956797621998312","0956797621998312","Psychological Drivers of Individual Differences in Risk Perception: A Systematic Case Study Focusing on 5G",NA,"https://creativecommons.org/licenses/by-nc/4.0/","pdf/psychsci_oa.0956797621998312.pdf","xml/psychsci_oa.0956797621998312.xml","TRUE","TRUE",TRUE,"0.9","2026-06-20"
"10.1177/09567976221079633","09567976221079633","Psychosocial Resilience to Inflammation-Associated Depression: A Prospective Study of Breast-Cancer Survivors",NA,"https://creativecommons.org/licenses/by-nc/4.0/","pdf/psychsci_oa.09567976221079633.pdf","xml/psychsci_oa.09567976221079633.xml","TRUE","TRUE",TRUE,"0.9","2026-06-20"
"10.1177/09567976221082637","09567976221082637","Choice Boosts Curiosity","2023","https://creativecommons.org/licenses/by/4.0/","pdf/psychsci_oa.09567976221082637.pdf","xml/psychsci_oa.09567976221082637.xml","TRUE","TRUE",TRUE,"0.9","2026-06-20"
"10.1177/09567976221082938","09567976221082938","The Evolution of Cognitive Control in Lemurs","2022","https://creativecommons.org/licenses/by/4.0/","pdf/psychsci_oa.09567976221082938.pdf","xml/psychsci_oa.09567976221082938.xml","TRUE","TRUE",TRUE,"0.9","2026-06-20"
"10.1177/09567976221082941","09567976221082941","Changes in the Prevalence of Thin Bodies Bias Young Women’s Judgments About Body Size","2022","https://creativecommons.org/licenses/by-nc/4.0/","pdf/psychsci_oa.09567976221082941.pdf","xml/psychsci_oa.09567976221082941.xml","TRUE","TRUE",TRUE,"0.9","2026-06-20"
"10.1177/09567976221083219","09567976221083219","Scientific-Consensus Communication About Contested Science: A Preregistered Meta-Analysis","2022","https://creativecommons.org/licenses/by/4.0/","pdf/psychsci_oa.09567976221083219.pdf","xml/psychsci_oa.09567976221083219.xml","TRUE","TRUE",TRUE,"0.9","2026-06-20"
"10.1177/09567976221083322","09567976221083322","Do Positive Psychological Factors Equally Predict Resistance to Upper Respiratory Infections in African and European Americans?","2022","https://creativecommons.org/licenses/by-nc/4.0/","pdf/psychsci_oa.09567976221083322.pdf","xml/psychsci_oa.09567976221083322.xml","TRUE","TRUE",TRUE,"0.9","2026-06-20"
"10.1177/09567976221085501","09567976221085501","The Social Effects of an Awesome Solar Eclipse","2022","https://creativecommons.org/licenses/by-nc/4.0/","pdf/psychsci_oa.09567976221085501.pdf","xml/psychsci_oa.09567976221085501.xml","TRUE","TRUE",TRUE,"0.9","2026-06-20"
"10.1177/09567976221086513","09567976221086513","Fear in the Theater of the Mind: Differential Fear Conditioning With Imagined Stimuli","2022","https://creativecommons.org/licenses/by/4.0/","pdf/psychsci_oa.09567976221086513.pdf","xml/psychsci_oa.09567976221086513.xml","TRUE","TRUE",TRUE,"0.9","2026-06-20"
"10.1177/09567976221089599","09567976221089599","Perceptual and Cognitive Judgments Show Both Anchoring and Repulsion","2022","https://creativecommons.org/licenses/by/4.0/","pdf/psychsci_oa.09567976221089599.pdf","xml/psychsci_oa.09567976221089599.xml","TRUE","TRUE",TRUE,"0.9","2026-06-20"
"10.1177/09567976221091838","09567976221091838","Auxiliary Scene-Context Information Provided by Anchor Objects Guides Attention and Locomotion in Natural Search Behavior","2022","https://creativecommons.org/licenses/by/4.0/","pdf/psychsci_oa.09567976221091838.pdf","xml/psychsci_oa.09567976221091838.xml","TRUE","TRUE",TRUE,"0.9","2026-06-20"
"10.1177/09567976221092726","09567976221092726","Experience of Playing a Musical Instrument and Lifetime Change in General Cognitive Ability: Evidence From the Lothian Birth Cohort 1936","2022","https://creativecommons.org/licenses/by/4.0/","pdf/psychsci_oa.09567976221092726.pdf","xml/psychsci_oa.09567976221092726.xml","TRUE","TRUE",TRUE,"0.9","2026-06-20"
"10.1177/09567976221094036","09567976221094036","Stepping Up to the Mic: Gender Gaps in Participation in Live Question-and-Answer Sessions at Academic Conferences","2022","https://creativecommons.org/licenses/by/4.0/","pdf/psychsci_oa.09567976221094036.pdf","xml/psychsci_oa.09567976221094036.xml","TRUE","TRUE",TRUE,"0.9","2026-06-20"
"10.1177/09567976221094630","09567976221094630","No Evidence That Siblings’ Gender Affects Personality Across Nine Countries","2022","https://creativecommons.org/licenses/by-nc/4.0/","pdf/psychsci_oa.09567976221094630.pdf","xml/psychsci_oa.09567976221094630.xml","TRUE","TRUE",TRUE,"0.9","2026-06-20"
"10.1177/09567976221094782","09567976221094782","The Games We Play: Prosocial Choices Under Time Pressure Reflect Context-Sensitive Information Priorities","2022","https://creativecommons.org/licenses/by/4.0/","pdf/psychsci_oa.09567976221094782.pdf","xml/psychsci_oa.09567976221094782.xml","TRUE","TRUE",TRUE,"0.9","2026-06-20"
"10.1177/09567976221097499","09567976221097499","Do Open-Science Badges Increase Trust in Scientists Among Undergraduates, Scientists, and the Public?","2022","https://creativecommons.org/licenses/by/4.0/","pdf/psychsci_oa.09567976221097499.pdf","xml/psychsci_oa.09567976221097499.xml","TRUE","TRUE",TRUE,"0.9","2026-06-20"
"10.1177/09567976221098595","09567976221098595","The Relative Importance of Joke and Audience Characteristics in Eliciting Amusement","2022","https://creativecommons.org/licenses/by/4.0/","pdf/psychsci_oa.09567976221098595.pdf","xml/psychsci_oa.09567976221098595.xml","TRUE","TRUE",TRUE,"0.9","2026-06-20"
"10.1177/09567976221100264","09567976221100264","Cognitive Change Before Old Age (11 to 70) Predicts Cognitive Change During Old Age (70 to 82)","2022","https://creativecommons.org/licenses/by/4.0/","pdf/psychsci_oa.09567976221100264.pdf","xml/psychsci_oa.09567976221100264.xml","TRUE","TRUE",TRUE,"0.9","2026-06-20"
"10.1177/09567976221101045","09567976221101045","Testing Deprivation and Threat: A Preregistered Network Analysis of the Dimensions of Early Adversity","2022","https://creativecommons.org/licenses/by/4.0/","pdf/psychsci_oa.09567976221101045.pdf","xml/psychsci_oa.09567976221101045.xml","TRUE","TRUE",TRUE,"0.9","2026-06-20"
"10.1177/09567976221101315","09567976221101315","Stress and Stress-Induced Glucocorticoids Facilitate Empathic Accuracy in Men but Have No Effects for Women","2022","https://creativecommons.org/licenses/by-nc/4.0/","pdf/psychsci_oa.09567976221101315.pdf","xml/psychsci_oa.09567976221101315.xml","TRUE","TRUE",TRUE,"0.9","2026-06-20"
"10.1177/09567976221104037","09567976221104037","Anticipatory Threat Mitigates the Breakdown of Group Cooperation","2023","https://creativecommons.org/licenses/by-nc/4.0/","pdf/psychsci_oa.09567976221104037.pdf","xml/psychsci_oa.09567976221104037.xml","TRUE","TRUE",TRUE,"0.9","2026-06-20"
"10.1177/09567976221105459","09567976221105459","Recognition of Masked Faces in the Era of the Pandemic: No Improvement Despite Extensive Natural Exposure","2022","https://creativecommons.org/licenses/by-nc/4.0/","pdf/psychsci_oa.09567976221105459.pdf","xml/psychsci_oa.09567976221105459.xml","TRUE","TRUE",TRUE,"0.9","2026-06-20"
"10.1177/09567976221105460","09567976221105460","Flavor Sensing in Utero and Emerging Discriminative Behaviors in the Human Fetus","2022","https://creativecommons.org/licenses/by-nc/4.0/","pdf/psychsci_oa.09567976221105460.pdf","xml/psychsci_oa.09567976221105460.xml","TRUE","TRUE",TRUE,"0.9","2026-06-20"
"10.1177/09567976221109134","09567976221109134","Shape of U: The Nonmonotonic Relationship Between Object–Location Memory and Expectedness","2022","https://creativecommons.org/licenses/by/4.0/","pdf/psychsci_oa.09567976221109134.pdf","xml/psychsci_oa.09567976221109134.xml","TRUE","TRUE",TRUE,"0.9","2026-06-20"
"10.1177/09567976221113764","09567976221113764","Bilingual Language Experience and Its Effect on Conflict Adaptation in Reactive Inhibitory Control Tasks","2023","https://creativecommons.org/licenses/by-nc/4.0/","pdf/psychsci_oa.09567976221113764.pdf","xml/psychsci_oa.09567976221113764.xml","TRUE","TRUE",TRUE,"0.9","2026-06-20"
"10.1177/09567976221114055","09567976221114055","Attention Shifts to More Complex Structures With Experience","2022","https://creativecommons.org/licenses/by/4.0/","pdf/psychsci_oa.09567976221114055.pdf","xml/psychsci_oa.09567976221114055.xml","TRUE","TRUE",TRUE,"0.9","2026-06-20"
"10.1177/09567976221116816","09567976221116816","Prenatal Programming of Behavior Problems via Second-by-Second Infant Emotion Dynamics","2022","https://creativecommons.org/licenses/by-nc/4.0/","pdf/psychsci_oa.09567976221116816.pdf","xml/psychsci_oa.09567976221116816.xml","TRUE","TRUE",TRUE,"0.9","2026-06-20"
"10.1177/09567976221116892","09567976221116892","Estranged and Unhappy? Examining the Dynamics of Personal and Relationship Well-Being Surrounding Infidelity","2023","https://creativecommons.org/licenses/by-nc/4.0/","pdf/psychsci_oa.09567976221116892.pdf","xml/psychsci_oa.09567976221116892.xml","TRUE","TRUE",TRUE,"0.9","2026-06-20"
"10.1177/09567976221116893","09567976221116893","The Dispositional Essence of Proactive Social Preferences: The Dark Core of Personality vis-à-vis 58 Traits","2023","https://creativecommons.org/licenses/by-nc/4.0/","pdf/psychsci_oa.09567976221116893.pdf","xml/psychsci_oa.09567976221116893.xml","TRUE","TRUE",TRUE,"0.9","2026-06-20"
"10.1177/09567976221118541","09567976221118541","Today’s Older Adults Are Cognitively Fitter Than Older Adults Were 20 Years Ago, but When and How They Decline Is No Different Than in the Past","2023","https://creativecommons.org/licenses/by-nc/4.0/","pdf/psychsci_oa.09567976221118541.pdf","xml/psychsci_oa.09567976221118541.xml","TRUE","TRUE",TRUE,"0.9","2026-06-20"
"10.1177/09567976221119391","09567976221119391","Test Anxiety Does Not Predict Exam Performance When Knowledge Is Controlled For: Strong Evidence Against the Interference Hypothesis of Test Anxiety","2022","https://creativecommons.org/licenses/by-nc/4.0/","pdf/psychsci_oa.09567976221119391.pdf","xml/psychsci_oa.09567976221119391.xml","TRUE","TRUE",TRUE,"0.9","2026-06-20"
"10.1177/09567976221119727","09567976221119727","Placebo Analgesia Reduces Costly Prosocial Helping to Lower Another Person’s Pain","2022","https://creativecommons.org/licenses/by/4.0/","pdf/psychsci_oa.09567976221119727.pdf","xml/psychsci_oa.09567976221119727.xml","TRUE","TRUE",TRUE,"0.9","2026-06-20"
"10.1177/09567976221120001","09567976221120001","Temporal Construal Effects Are Independent of Episodic Future Thought","2023","https://creativecommons.org/licenses/by-nc/4.0/","pdf/psychsci_oa.09567976221120001.pdf","xml/psychsci_oa.09567976221120001.xml","TRUE","TRUE",TRUE,"0.9","2026-06-20"
"10.1177/09567976221121348","09567976221121348","What You See Is What You Hear: Sounds Alter the Contents of Visual Perception","2022","https://creativecommons.org/licenses/by/4.0/","pdf/psychsci_oa.09567976221121348.pdf","xml/psychsci_oa.09567976221121348.xml","TRUE","TRUE",TRUE,"0.9","2026-06-20"
"10.1177/09567976221122760","09567976221122760","Socially Stratified Epigenetic Profiles Are Associated With Cognitive Functioning in Children and Adolescents","2023","https://creativecommons.org/licenses/by-nc/4.0/","pdf/psychsci_oa.09567976221122760.pdf","xml/psychsci_oa.09567976221122760.xml","TRUE","TRUE",TRUE,"0.9","2026-06-20"
"10.1177/09567976221131519","09567976221131519","From the Viscera to First Impressions: Phase-Dependent Cardio-Visual Signals Bias the Perceived Trustworthiness of Faces","2023","https://creativecommons.org/licenses/by/4.0/","pdf/psychsci_oa.09567976221131519.pdf","xml/psychsci_oa.09567976221131519.xml","TRUE","TRUE",TRUE,"0.9","2026-06-20"
"10.1177/09567976221131520","09567976221131520","From Pictures to the People in Them: Averaging Within-Person Variability Leads to Face Familiarization","2023","https://creativecommons.org/licenses/by-nc/4.0/","pdf/psychsci_oa.09567976221131520.pdf","xml/psychsci_oa.09567976221131520.xml","TRUE","TRUE",TRUE,"0.9","2026-06-20"
"10.1177/09567976221134476","09567976221134476","Preferential Attraction Effects With Visual Stimuli: The Role of Quantitative Versus Qualitative Visual Attributes","2023","https://creativecommons.org/licenses/by-nc/4.0/","pdf/psychsci_oa.09567976221134476.pdf","xml/psychsci_oa.09567976221134476.xml","TRUE","TRUE",TRUE,"0.9","2026-06-20"
"10.1177/09567976221140326","09567976221140326","Chimpanzee and Human Risk Preferences Show Key Similarities","2023","https://creativecommons.org/licenses/by/4.0/","pdf/psychsci_oa.09567976221140326.pdf","xml/psychsci_oa.09567976221140326.xml","TRUE","TRUE",TRUE,"0.9","2026-06-20"
"10.1177/09567976221140341","09567976221140341","Predictive Processing of Scene Layout Depends on Naturalistic Depth of Field","2023","https://creativecommons.org/licenses/by/4.0/","pdf/psychsci_oa.09567976221140341.pdf","xml/psychsci_oa.09567976221140341.xml","TRUE","TRUE",TRUE,"0.9","2026-06-20"
"10.1177/09567976221140828","09567976221140828","What’s in a Badge? A Computational Reproducibility Investigation of the Open Data Badge Policy in One Issue of
                    <i>Psychological Science</i>","2023","https://creativecommons.org/licenses/by/4.0/ | https://journals.sagepub.com/page/policies/text-and-data-mining-license","pdf/psychsci_oa.09567976221140828.pdf","xml/psychsci_oa.09567976221140828.xml","TRUE","TRUE",TRUE,"0.9","2026-06-20"
"10.1177/09567976221145316","09567976221145316","Lonely Individuals Process the World in Idiosyncratic Ways","2023","https://creativecommons.org/licenses/by/4.0/","pdf/psychsci_oa.09567976221145316.pdf","xml/psychsci_oa.09567976221145316.xml","TRUE","TRUE",TRUE,"0.9","2026-06-20"
"10.1177/09567976221147258","09567976221147258","On How to Be Liked in First Encounters: The Effects of Agentic and Communal Behaviors on Popularity and Unique Liking","2023","https://creativecommons.org/licenses/by/4.0/ | https://journals.sagepub.com/page/policies/text-and-data-mining-license","pdf/psychsci_oa.09567976221147258.pdf","xml/psychsci_oa.09567976221147258.xml","TRUE","TRUE",TRUE,"0.9","2026-06-20"
"10.1177/09567976221147259","09567976221147259","The Role of Beta Oscillations in Mental Time Travel","2023","https://creativecommons.org/licenses/by-nc/4.0/ | https://journals.sagepub.com/page/policies/text-and-data-mining-license","pdf/psychsci_oa.09567976221147259.pdf","xml/psychsci_oa.09567976221147259.xml","TRUE","TRUE",TRUE,"0.9","2026-06-20"
"10.1177/09567976221150616","09567976221150616","Awe Sparks Prosociality in Children","2023","https://creativecommons.org/licenses/by/4.0/ | https://journals.sagepub.com/page/policies/text-and-data-mining-license","pdf/psychsci_oa.09567976221150616.pdf","xml/psychsci_oa.09567976221150616.xml","TRUE","TRUE",TRUE,"0.9","2026-06-20"
"10.1177/09567976231151581","09567976231151581","Impaired and Spared Auditory Category Learning in Developmental Dyslexia","2023","https://creativecommons.org/licenses/by-nc/4.0/ | https://journals.sagepub.com/page/policies/text-and-data-mining-license","pdf/psychsci_oa.09567976231151581.pdf","xml/psychsci_oa.09567976231151581.xml","TRUE","TRUE",TRUE,"0.9","2026-06-20"
"10.1177/09567976231154804","09567976231154804","Statistical Learning Within Objects","2023","https://creativecommons.org/licenses/by/4.0/ | https://journals.sagepub.com/page/policies/text-and-data-mining-license","pdf/psychsci_oa.09567976231154804.pdf","xml/psychsci_oa.09567976231154804.xml","TRUE","TRUE",TRUE,"0.9","2026-06-20"
"10.1177/09567976231156413","09567976231156413","Homeostatic Regulation of Energetic Arousal During Acute Social Isolation: Evidence From the Lab and the Field","2023","https://creativecommons.org/licenses/by/4.0/","pdf/psychsci_oa.09567976231156413.pdf","xml/psychsci_oa.09567976231156413.xml","TRUE","TRUE",TRUE,"0.9","2026-06-20"
"10.1177/09567976231156793","09567976231156793","No Appreciable Effect of Education on Aging-Associated Declines in Cognition: A 20-Year Follow-Up Study","2023","https://creativecommons.org/licenses/by-nc/4.0/","pdf/psychsci_oa.09567976231156793.pdf","xml/psychsci_oa.09567976231156793.xml","TRUE","TRUE",TRUE,"0.9","2026-06-20"
"10.1177/09567976231158288","09567976231158288","Food Is All Around: How Contexts Create Misbeliefs About the Health–Taste Relationship","2023","https://creativecommons.org/licenses/by/4.0/","pdf/psychsci_oa.09567976231158288.pdf","xml/psychsci_oa.09567976231158288.xml","TRUE","TRUE",TRUE,"0.9","2026-06-20"
"10.1177/09567976231158570","09567976231158570","Just Dead, Not Alive: Reconsidering Belief in Contradictory Conspiracy Theories","2023","https://creativecommons.org/licenses/by/4.0/","pdf/psychsci_oa.09567976231158570.pdf","xml/psychsci_oa.09567976231158570.xml","TRUE","TRUE",TRUE,"0.9","2026-06-20"
"10.1177/09567976231160098","09567976231160098","Toward Antifragility: Social Defeat Stress Enhances Learning and Memory in Young Mice Via Hippocampal Synaptosome Associated Protein 25","2023","https://creativecommons.org/licenses/by-nc/4.0/","pdf/psychsci_oa.09567976231160098.pdf","xml/psychsci_oa.09567976231160098.xml","TRUE","TRUE",TRUE,"0.9","2026-06-20"
"10.1177/09567976231160702","09567976231160702","Intelligence Polygenic Score Is More Predictive of Crystallized Measures: Evidence From the Adolescent Brain Cognitive Development (ABCD) Study","2023","https://creativecommons.org/licenses/by/4.0/","pdf/psychsci_oa.09567976231160702.pdf","xml/psychsci_oa.09567976231160702.xml","TRUE","TRUE",TRUE,"0.9","2026-06-20"
"10.1177/09567976231161565","09567976231161565","The Time Course of Person Perception From Voices: A Behavioral Study","2023","https://creativecommons.org/licenses/by/4.0/","pdf/psychsci_oa.09567976231161565.pdf","xml/psychsci_oa.09567976231161565.xml","TRUE","TRUE",TRUE,"0.9","2026-06-20"
"10.1177/09567976231164553","09567976231164553","Younger Than Ever? Subjective Age Is Becoming Younger and Remains More Stable in Middle-Age and Older Adults Today","2023","https://creativecommons.org/licenses/by/4.0/","pdf/psychsci_oa.09567976231164553.pdf","xml/psychsci_oa.09567976231164553.xml","TRUE","TRUE",TRUE,"0.9","2026-06-20"
"10.1177/09567976231165267","09567976231165267","Preschoolers and Adults Learn From Novel Metaphors","2023","https://creativecommons.org/licenses/by/4.0/","pdf/psychsci_oa.09567976231165267.pdf","xml/psychsci_oa.09567976231165267.xml","TRUE","TRUE",TRUE,"0.9","2026-06-20"
"10.1177/09567976231170878","09567976231170878","Generalization of Costly Pain-Related Avoidance Based on Real-Life Categorical Knowledge","2023","https://creativecommons.org/licenses/by/4.0/","pdf/psychsci_oa.09567976231170878.pdf","xml/psychsci_oa.09567976231170878.xml","TRUE","TRUE",TRUE,"0.9","2026-06-20"
"10.1177/09567976231172500","09567976231172500","Cultures in Water-Scarce Environments Are More Long-Term Oriented","2023","https://creativecommons.org/licenses/by-nc/4.0/","pdf/psychsci_oa.09567976231172500.pdf","xml/psychsci_oa.09567976231172500.xml","TRUE","TRUE",TRUE,"0.9","2026-06-20"
"10.1177/09567976231173900","09567976231173900","Time and Punishment: Time Delays Exacerbate the Severity of Third-Party Punishment","2023","https://creativecommons.org/licenses/by-nc/4.0/ | https://journals.sagepub.com/page/policies/text-and-data-mining-license","pdf/psychsci_oa.09567976231173900.pdf","xml/psychsci_oa.09567976231173900.xml","TRUE","TRUE",TRUE,"0.9","2026-06-20"
"10.1177/09567976231173902","09567976231173902","Adaptive Encoding Speed in Working Memory","2023","https://creativecommons.org/licenses/by/4.0/","pdf/psychsci_oa.09567976231173902.pdf","xml/psychsci_oa.09567976231173902.xml","TRUE","TRUE",TRUE,"0.9","2026-06-20"
"10.1177/09567976231177968","09567976231177968","Visual Perception Is Highly Flexible and Context Dependent in Young Infants: A Case of Top-Down-Modulated Motion Perception","2023","https://creativecommons.org/licenses/by-nc/4.0/ | https://journals.sagepub.com/page/policies/text-and-data-mining-license","pdf/psychsci_oa.09567976231177968.pdf","xml/psychsci_oa.09567976231177968.xml","TRUE","TRUE",TRUE,"0.9","2026-06-20"
"10.1177/09567976231179378","09567976231179378","The Costs of Paying Overt and Covert Attention Assessed With Pupillometry","2023","https://creativecommons.org/licenses/by/4.0/ | https://journals.sagepub.com/page/policies/text-and-data-mining-license","pdf/psychsci_oa.09567976231179378.pdf","xml/psychsci_oa.09567976231179378.xml","TRUE","TRUE",TRUE,"0.9","2026-06-20"
"10.1177/09567976231180578","09567976231180578","Repeatedly Encountered Descriptions of Wrongdoing Seem More True but Less Unethical: Evidence in a Naturalistic Setting","2023","https://creativecommons.org/licenses/by-nc/4.0/ | https://journals.sagepub.com/page/policies/text-and-data-mining-license","pdf/psychsci_oa.09567976231180578.pdf","xml/psychsci_oa.09567976231180578.xml","TRUE","TRUE",TRUE,"0.9","2026-06-20"
"10.1177/09567976231180588","09567976231180588","Fade In, Fade Out: Do Shifts in Visual Perspective Predict the Consistency of Real-World Memories?","2023","https://creativecommons.org/licenses/by/4.0/ | https://journals.sagepub.com/page/policies/text-and-data-mining-license","pdf/psychsci_oa.09567976231180588.pdf","xml/psychsci_oa.09567976231180588.xml","TRUE","TRUE",TRUE,"0.9","2026-06-20"
"10.1177/09567976231180881","09567976231180881","Adding Up Peer Beliefs: Experimental and Field Evidence on the Effect of Peer Influence on Math Performance","2023","https://creativecommons.org/licenses/by/4.0/ | https://journals.sagepub.com/page/policies/text-and-data-mining-license","pdf/psychsci_oa.09567976231180881.pdf","xml/psychsci_oa.09567976231180881.xml","TRUE","TRUE",TRUE,"0.9","2026-06-20"
"10.1177/09567976231184887","09567976231184887","Are People Generous When the Financial Stakes Are High?","2023","https://creativecommons.org/licenses/by-nc/4.0/ | https://journals.sagepub.com/page/policies/text-and-data-mining-license","pdf/psychsci_oa.09567976231184887.pdf","xml/psychsci_oa.09567976231184887.xml","TRUE","TRUE",TRUE,"0.9","2026-06-20"
"10.1177/09567976231185127","09567976231185127","Are Empathic People Better Adjusted? A Test of Competing Models of Empathic Accuracy and Intrapersonal and Interpersonal Facets of Adjustment Using Self- and Peer Reports","2023","https://creativecommons.org/licenses/by-nc/4.0/ | https://journals.sagepub.com/page/policies/text-and-data-mining-license","pdf/psychsci_oa.09567976231185127.pdf","xml/psychsci_oa.09567976231185127.xml","TRUE","TRUE",TRUE,"0.9","2026-06-20"
"10.1177/09567976231185129","09567976231185129","Self-Esteem and Income Over Time","2023","https://creativecommons.org/licenses/by/4.0/","pdf/psychsci_oa.09567976231185129.pdf","xml/psychsci_oa.09567976231185129.xml","TRUE","TRUE",TRUE,"0.9","2026-06-20"
"10.1177/09567976231188107","09567976231188107","Self-Relevance Predicts the Aesthetic Appeal of Real and Synthetic Artworks Generated via Neural Style Transfer","2023","https://creativecommons.org/licenses/by/4.0/ | https://journals.sagepub.com/page/policies/text-and-data-mining-license","pdf/psychsci_oa.09567976231188107.pdf","xml/psychsci_oa.09567976231188107.xml","TRUE","TRUE",TRUE,"0.9","2026-06-20"
"10.1177/09567976231190546","09567976231190546","Changing What You Like: Modifying Contour Properties Shifts Aesthetic Valuations of Scenes","2023","https://creativecommons.org/licenses/by-nc/4.0/","pdf/psychsci_oa.09567976231190546.pdf","xml/psychsci_oa.09567976231190546.xml","TRUE","TRUE",TRUE,"0.9","2026-06-20"
"10.1177/09567976231192241","09567976231192241","Learning-Induced Plasticity Enhances the Capacity of Visual Working Memory","2023","https://creativecommons.org/licenses/by-nc/4.0/","pdf/psychsci_oa.09567976231192241.pdf","xml/psychsci_oa.09567976231192241.xml","TRUE","TRUE",TRUE,"0.9","2026-06-20"
"10.1177/09567976231194221","09567976231194221","Parenting Practices May Buffer the Impact of Adversity on Epigenetic Age Acceleration Among Young Children With Developmental Delays","2023","https://creativecommons.org/licenses/by-nc/4.0/","pdf/psychsci_oa.09567976231194221.pdf","xml/psychsci_oa.09567976231194221.xml","TRUE","TRUE",TRUE,"0.9","2026-06-20"
"10.1177/09567976231194590","09567976231194590","Online Interaction Turns the Congeniality Bias Into an Uncongeniality Bias","2023","https://creativecommons.org/licenses/by/4.0/","pdf/psychsci_oa.09567976231194590.pdf","xml/psychsci_oa.09567976231194590.xml","TRUE","TRUE",TRUE,"0.9","2026-06-20"
"10.1177/09567976231196145","09567976231196145","Political Person–Culture Match and Longevity: The Partisanship–Mortality Link Depends on the Cultural Context","2023","https://creativecommons.org/licenses/by-nc/4.0/","pdf/psychsci_oa.09567976231196145.pdf","xml/psychsci_oa.09567976231196145.xml","TRUE","TRUE",TRUE,"0.9","2026-06-20"
"10.1177/09567976231198194","09567976231198194","If They Won’t Know, I Won’t Wait: Anticipated Social Consequences Drive Children’s Performance on Self-Control Tasks","2023","https://creativecommons.org/licenses/by/4.0/","pdf/psychsci_oa.09567976231198194.pdf","xml/psychsci_oa.09567976231198194.xml","TRUE","TRUE",TRUE,"0.9","2026-06-20"
"10.1177/09567976231198435","09567976231198435","Different Mechanisms for Supporting Mental Imagery and Perceptual Representations: Modulation Versus Excitation","2023","https://creativecommons.org/licenses/by-nc/4.0/","pdf/psychsci_oa.09567976231198435.pdf","xml/psychsci_oa.09567976231198435.xml","TRUE","TRUE",TRUE,"0.9","2026-06-20"
"10.1177/09567976231199440","09567976231199440","Knowledge About the Source of Emotion Predicts Emotion-Regulation Attempts, Strategies, and Perceived Emotion-Regulation Success","2023","https://creativecommons.org/licenses/by-nc/4.0/","pdf/psychsci_oa.09567976231199440.pdf","xml/psychsci_oa.09567976231199440.xml","TRUE","TRUE",TRUE,"0.9","2026-06-20"
"10.1177/09567976231203139","09567976231203139","The Role of Humor Production and Perception in the Daily Life of Couples: An Interest-Indicator Perspective","2023","https://creativecommons.org/licenses/by-nc/4.0/","pdf/psychsci_oa.09567976231203139.pdf","xml/psychsci_oa.09567976231203139.xml","TRUE","TRUE",TRUE,"0.9","2026-06-20"
"10.1177/09567976231204035","09567976231204035","Prototypes of People With Depression","2023","https://creativecommons.org/licenses/by/4.0/","pdf/psychsci_oa.09567976231204035.pdf","xml/psychsci_oa.09567976231204035.xml","TRUE","TRUE",TRUE,"0.9","2026-06-20"
"10.1177/09567976231207095","09567976231207095","AI Hyperrealism: Why AI Faces Are Perceived as More Real Than Human Ones","2023","https://creativecommons.org/licenses/by-nc/4.0/","pdf/psychsci_oa.09567976231207095.pdf","xml/psychsci_oa.09567976231207095.xml","TRUE","TRUE",TRUE,"0.9","2026-06-20"
"10.1177/09567976231213572","09567976231213572","Investigating Inattentional Blindness Through the Lens of Fear Chemosignals",NA,"https://creativecommons.org/licenses/by/4.0/","pdf/psychsci_oa.09567976231213572.pdf","xml/psychsci_oa.09567976231213572.xml","TRUE","TRUE",TRUE,"0.9","2026-06-20"
"10.1177/09567976231218640","09567976231218640","Do They Look the Same Unless They Are Angry? Investigating the Other-Race Effect in the Presence of Angry Expressions","2024","https://creativecommons.org/licenses/by-nc/4.0/","pdf/psychsci_oa.09567976231218640.pdf","xml/psychsci_oa.09567976231218640.xml","TRUE","TRUE",TRUE,"0.9","2026-06-20"
"10.1177/09567976231220902","09567976231220902","Mindful-Gratitude Practice Reduces Prejudice at High Levels of Collective Narcissism","2024","https://creativecommons.org/licenses/by/4.0/ | https://journals.sagepub.com/page/policies/text-and-data-mining-license","pdf/psychsci_oa.09567976231220902.pdf","xml/psychsci_oa.09567976231220902.xml","TRUE","TRUE",TRUE,"0.9","2026-06-20"
"10.1177/09567976231221789","09567976231221789","The (Un)ideal Physicist: How Humans Rely on Object Interaction for Friction Estimates","2024","https://creativecommons.org/licenses/by-nc/4.0/ | https://journals.sagepub.com/page/policies/text-and-data-mining-license","pdf/psychsci_oa.09567976231221789.pdf","xml/psychsci_oa.09567976231221789.xml","TRUE","TRUE",TRUE,"0.9","2026-06-20"
"10.1177/09567976231222288","09567976231222288","Effects of Voice Pitch on Social Perceptions Vary With Relational Mobility and Homicide Rate","2024","https://creativecommons.org/licenses/by/4.0/","pdf/psychsci_oa.09567976231222288.pdf","xml/psychsci_oa.09567976231222288.xml","TRUE","TRUE",TRUE,"0.9","2026-06-20"
"10.1177/09567976231222836","09567976231222836","A Universal Cognitive Bias in Word Order: Evidence From Speakers Whose Language Goes Against It","2024","https://creativecommons.org/licenses/by/4.0/","pdf/psychsci_oa.09567976231222836.pdf","xml/psychsci_oa.09567976231222836.xml","TRUE","TRUE",TRUE,"0.9","2026-06-20"
"10.1177/09567976231223130","09567976231223130","Observers Efficiently Extract the Minimal and Maximal Element in Perceptual Magnitude Sets: Evidence for a Bipartite Format","2024","https://creativecommons.org/licenses/by/4.0/ | https://journals.sagepub.com/page/policies/text-and-data-mining-license","pdf/psychsci_oa.09567976231223130.pdf","xml/psychsci_oa.09567976231223130.xml","TRUE","TRUE",TRUE,"0.9","2026-06-20"
"10.1177/09567976231223410","09567976231223410","Synchrony Influences Estimates of Cooperation in a Public-Goods Game","2024","https://creativecommons.org/licenses/by/4.0/ | https://journals.sagepub.com/page/policies/text-and-data-mining-license","pdf/psychsci_oa.09567976231223410.pdf","xml/psychsci_oa.09567976231223410.xml","TRUE","TRUE",TRUE,"0.9","2026-06-20"
"10.1177/09567976241227411","09567976241227411","Verbal Aggressions Against Major League Baseball Umpires Affect Their Decision Making","2024","https://creativecommons.org/licenses/by/4.0/","pdf/psychsci_oa.09567976241227411.pdf","xml/psychsci_oa.09567976241227411.xml","TRUE","TRUE",TRUE,"0.9","2026-06-20"
"10.1177/09567976241228504","09567976241228504","People Endorse Harsher Policies in Principle Than in Practice: Asymmetric Beliefs About Which Errors to Prevent Versus Fix","2024","https://creativecommons.org/licenses/by/4.0/","pdf/psychsci_oa.09567976241228504.pdf","xml/psychsci_oa.09567976241228504.xml","TRUE","TRUE",TRUE,"0.9","2026-06-20"
"10.1177/09567976241232891","09567976241232891","Biases in Improvement Decisions: People Focus on the Relative Reduction in Bad Outcomes","2024","https://creativecommons.org/licenses/by/4.0/","pdf/psychsci_oa.09567976241232891.pdf","xml/psychsci_oa.09567976241232891.xml","TRUE","TRUE",TRUE,"0.9","2026-06-20"
"10.1177/09567976241232905","09567976241232905","On the Efficacy of Accuracy Prompts Across Partisan Lines: An Adversarial Collaboration","2024","https://creativecommons.org/licenses/by-nc/4.0/","pdf/psychsci_oa.09567976241232905.pdf","xml/psychsci_oa.09567976241232905.xml","TRUE","TRUE",TRUE,"0.9","2026-06-20"
"10.1177/09567976241235931","09567976241235931","Distinct Constellations of Common Risk Factors Differentially Relate to Executive-Function Ability in Children","2024","https://creativecommons.org/licenses/by-nc/4.0/","pdf/psychsci_oa.09567976241235931.pdf","xml/psychsci_oa.09567976241235931.xml","TRUE","TRUE",TRUE,"0.9","2026-06-20"
"10.1177/09567976241235932","09567976241235932","Oscillatory Coupling Between Neural and Cardiac Rhythms","2024","https://creativecommons.org/licenses/by/4.0/","pdf/psychsci_oa.09567976241235932.pdf","xml/psychsci_oa.09567976241235932.xml","TRUE","TRUE",TRUE,"0.9","2026-06-20"
"10.1177/09567976241239932","09567976241239932","The Formation of Negative Attitudes Toward Novel Groups","2024","https://creativecommons.org/licenses/by-nc/4.0/","pdf/psychsci_oa.09567976241239932.pdf","xml/psychsci_oa.09567976241239932.xml","TRUE","TRUE",TRUE,"0.9","2026-06-20"
"10.1177/09567976241239935","09567976241239935","Disagreement Gets Mistaken for Bad Listening","2024","https://creativecommons.org/licenses/by-nc/4.0/","pdf/psychsci_oa.09567976241239935.pdf","xml/psychsci_oa.09567976241239935.xml","TRUE","TRUE",TRUE,"0.9","2026-06-20"
"10.1177/09567976241242105","09567976241242105","Adolescents’ Perceptions of Household Chaos Predict Their Adult Mental Health: A Twin-Difference Longitudinal Cohort Study","2024","https://creativecommons.org/licenses/by/4.0/","pdf/psychsci_oa.09567976241242105.pdf","xml/psychsci_oa.09567976241242105.xml","TRUE","TRUE",TRUE,"0.9","2026-06-20"
"10.1177/09567976241243370","09567976241243370","Variety Is the Spice of Life: Diverse Social Networks Are Associated With Social Cohesion and Well-Being","2024","https://creativecommons.org/licenses/by/4.0/","pdf/psychsci_oa.09567976241243370.pdf","xml/psychsci_oa.09567976241243370.xml","TRUE","TRUE",TRUE,"0.9","2026-06-20"
"10.1177/09567976241245695","09567976241245695","Divergent and Convergent Creativity Are Different Kinds of Foraging","2024","https://creativecommons.org/licenses/by-nc/4.0/","pdf/psychsci_oa.09567976241245695.pdf","xml/psychsci_oa.09567976241245695.xml","TRUE","TRUE",TRUE,"0.9","2026-06-20"
"10.1177/09567976241246561","09567976241246561","Neural Signatures of Evidence Accumulation Encode Subjective Perceptual Confidence Independent of Performance","2024","https://creativecommons.org/licenses/by-nc/4.0/","pdf/psychsci_oa.09567976241246561.pdf","xml/psychsci_oa.09567976241246561.xml","TRUE","TRUE",TRUE,"0.9","2026-06-20"
"10.1177/09567976241254312","09567976241254312","Ambivalent Sexism and Tolerance of Violence Against Women in India","2024","https://creativecommons.org/licenses/by/4.0/","pdf/psychsci_oa.09567976241254312.pdf","xml/psychsci_oa.09567976241254312.xml","TRUE","TRUE",TRUE,"0.9","2026-06-20"
"10.1177/09567976241258149","09567976241258149","Why Twitter Sometimes Rewards What Most People Disapprove of: The Case of Cross-Party Political Relations","2024","https://creativecommons.org/licenses/by-nc/4.0/","pdf/psychsci_oa.09567976241258149.pdf","xml/psychsci_oa.09567976241258149.xml","TRUE","TRUE",TRUE,"0.9","2026-06-20"
"10.1177/09567976241260247","09567976241260247","Intervening After Trauma: Child–Parent Psychotherapy Treatment Is Associated With Lower Pediatric Epigenetic Age Acceleration","2024","https://creativecommons.org/licenses/by/4.0/","pdf/psychsci_oa.09567976241260247.pdf","xml/psychsci_oa.09567976241260247.xml","TRUE","TRUE",TRUE,"0.9","2026-06-20"
"10.1177/09567976241260251","09567976241260251","Not All Powerful People Are Created Equal: An Examination of Gender and Pathways to Social Hierarchy Through the Lens of Social Cognition","2024","https://creativecommons.org/licenses/by/4.0/","pdf/psychsci_oa.09567976241260251.pdf","xml/psychsci_oa.09567976241260251.xml","TRUE","TRUE",TRUE,"0.9","2026-06-20"
"10.1177/09567976241263344","09567976241263344","Statistical Learning Facilitates Access to Awareness","2024","https://creativecommons.org/licenses/by/4.0/","pdf/psychsci_oa.09567976241263344.pdf","xml/psychsci_oa.09567976241263344.xml","TRUE","TRUE",TRUE,"0.9","2026-06-20"
"10.1177/09567976241263347","09567976241263347","Directing Attention Shapes Learning in Adults but Not Children","2024","https://creativecommons.org/licenses/by/4.0/","pdf/psychsci_oa.09567976241263347.pdf","xml/psychsci_oa.09567976241263347.xml","TRUE","TRUE",TRUE,"0.9","2026-06-20"
"10.1177/09567976241265037","09567976241265037","On the Unequal Burden of Obesity: Obesity’s Adverse Consequences Are Contingent on Regional Obesity Prevalence","2024","https://creativecommons.org/licenses/by-nc/4.0/","pdf/psychsci_oa.09567976241265037.pdf","xml/psychsci_oa.09567976241265037.xml","TRUE","TRUE",TRUE,"0.9","2026-06-20"
"10.1177/09567976241266516","09567976241266516","People Place Larger Bets When Risky Choices Provide a Postbet Option to Cash Out","2024","https://creativecommons.org/licenses/by/4.0/","pdf/psychsci_oa.09567976241266516.pdf","xml/psychsci_oa.09567976241266516.xml","TRUE","TRUE",TRUE,"0.9","2026-06-20"
"10.1177/09567976241267854","09567976241267854","Children Sustain Cooperation in a Threshold Public-Goods Game Even When Seeing Others’ Outcomes","2024","https://creativecommons.org/licenses/by-nc/4.0/","pdf/psychsci_oa.09567976241267854.pdf","xml/psychsci_oa.09567976241267854.xml","TRUE","TRUE",TRUE,"0.9","2026-06-20"
"10.1177/09567976241271330","09567976241271330","The Gender-Equality Paradox in Intraindividual Academic Strengths: A Cross-Temporal Analysis","2024","https://creativecommons.org/licenses/by/4.0/","pdf/psychsci_oa.09567976241271330.pdf","xml/psychsci_oa.09567976241271330.xml","TRUE","TRUE",TRUE,"0.9","2026-06-20"
"10.1177/09567976241279203","09567976241279203","The Well-Being Costs of Informal Caregiving","2024","https://creativecommons.org/licenses/by/4.0/","pdf/psychsci_oa.09567976241279203.pdf","xml/psychsci_oa.09567976241279203.xml","TRUE","TRUE",TRUE,"0.9","2026-06-20"
"10.1177/09567976241279291","09567976241279291","Cognitive Maps for a Non-Euclidean Environment: Path Integration and Spatial Memory on a Sphere","2024","https://creativecommons.org/licenses/by/4.0/","pdf/psychsci_oa.09567976241279291.pdf","xml/psychsci_oa.09567976241279291.xml","TRUE","TRUE",TRUE,"0.9","2026-06-20"
"10.1177/09567976241286865","09567976241286865","Differences Between Lifelong Singles and Ever-Partnered Individuals in Big Five Personality Traits and Life Satisfaction","2024","https://creativecommons.org/licenses/by-nc/4.0/","pdf/psychsci_oa.09567976241286865.pdf","xml/psychsci_oa.09567976241286865.xml","TRUE","TRUE",TRUE,"0.9","2026-06-20"
"10.1177/09567976241293999","09567976241293999","*Co-Occurrence and Causality Among ADHD, Dyslexia, and Dyscalculia","2025","https://creativecommons.org/licenses/by-nc/4.0/ | https://journals.sagepub.com/page/policies/text-and-data-mining-license","pdf/psychsci_oa.09567976241293999.pdf","xml/psychsci_oa.09567976241293999.xml","TRUE","TRUE",TRUE,"0.9","2026-06-20"
"10.1177/09567976241311920","09567976241311920","Becoming an Ovambo Adult: Growing Into Agentic Communalism in Sub-Saharan Africa","2025","https://creativecommons.org/licenses/by/4.0/ | https://journals.sagepub.com/page/policies/text-and-data-mining-license","pdf/psychsci_oa.09567976241311920.pdf","xml/psychsci_oa.09567976241311920.xml","TRUE","TRUE",TRUE,"0.9","2026-06-20"
"10.1177/09567976241311923","09567976241311923","Verbal Fluency Selectively Predicts Survival in Old and Very Old Age","2025","https://creativecommons.org/licenses/by/4.0/ | https://journals.sagepub.com/page/policies/text-and-data-mining-license","pdf/psychsci_oa.09567976241311923.pdf","xml/psychsci_oa.09567976241311923.xml","TRUE","TRUE",TRUE,"0.9","2026-06-20"
"10.1177/09567976251314972","09567976251314972","*Reluctance to Downplay: Asymmetric Sensitivity to Differences in the Severity of Moral Transgressions","2025","https://creativecommons.org/licenses/by/4.0/ | https://journals.sagepub.com/page/policies/text-and-data-mining-license","pdf/psychsci_oa.09567976251314972.pdf","xml/psychsci_oa.09567976251314972.xml","TRUE","TRUE",TRUE,"0.9","2026-06-20"
"10.1177/09567976251319038","09567976251319038","*Deconfounding Sex and Sex of Partner in Mate-Preference Research","2025","https://creativecommons.org/licenses/by/4.0/ | https://journals.sagepub.com/page/policies/text-and-data-mining-license","pdf/psychsci_oa.09567976251319038.pdf","xml/psychsci_oa.09567976251319038.xml","TRUE","TRUE",TRUE,"0.9","2026-06-20"
"10.1177/09567976251321382","09567976251321382","Differentiation in Cognitive Abilities Beyond
                    <i>g</i>
                    : The Emergence of Domain-Specific Variance in Childhood","2025","https://creativecommons.org/licenses/by/4.0/ | https://journals.sagepub.com/page/policies/text-and-data-mining-license","pdf/psychsci_oa.09567976251321382.pdf","xml/psychsci_oa.09567976251321382.xml","TRUE","TRUE",TRUE,"0.9","2026-06-20"
"10.1177/09567976251325518","09567976251325518","Disagreeing Perspectives Enhance Inner-Crowd Wisdom for Difficult (but Not Easy) Questions","2025","https://creativecommons.org/licenses/by/4.0/ | https://journals.sagepub.com/page/policies/text-and-data-mining-license","pdf/psychsci_oa.09567976251325518.pdf","xml/psychsci_oa.09567976251325518.xml","TRUE","TRUE",TRUE,"0.9","2026-06-20"
"10.1177/09567976251325789","09567976251325789","Where Do Children Look When Watching Videos With Same-Language Subtitles?","2025","https://creativecommons.org/licenses/by/4.0/ | https://journals.sagepub.com/page/policies/text-and-data-mining-license","pdf/psychsci_oa.09567976251325789.pdf","xml/psychsci_oa.09567976251325789.xml","TRUE","TRUE",TRUE,"0.9","2026-06-20"
"10.1177/09567976251330290","09567976251330290","An Illusion of Time Caused by Repeated Experience","2025","https://creativecommons.org/licenses/by-nc/4.0/ | https://journals.sagepub.com/page/policies/text-and-data-mining-license","pdf/psychsci_oa.09567976251330290.pdf","xml/psychsci_oa.09567976251330290.xml","TRUE","TRUE",TRUE,"0.9","2026-06-20"
"10.1177/09567976251331039","09567976251331039","Signal Intrusion Explains Divergent Effects of Visual Distraction on Working Memory","2025","https://creativecommons.org/licenses/by/4.0/ | https://journals.sagepub.com/page/policies/text-and-data-mining-license","pdf/psychsci_oa.09567976251331039.pdf","xml/psychsci_oa.09567976251331039.xml","TRUE","TRUE",TRUE,"0.9","2026-06-20"
"10.1177/09567976251331040","09567976251331040","Participating in a Digital-History Project Mobilizes People for Symbolic Justice and Better Intergroup Relations Today","2025","https://creativecommons.org/licenses/by/4.0/ | https://journals.sagepub.com/page/policies/text-and-data-mining-license","pdf/psychsci_oa.09567976251331040.pdf","xml/psychsci_oa.09567976251331040.xml","TRUE","TRUE",TRUE,"0.9","2026-06-20"
"10.1177/09567976251331041","09567976251331041","Co-Speech Hand Gestures Are Used to Predict Upcoming Meaning","2025","https://creativecommons.org/licenses/by/4.0/ | https://journals.sagepub.com/page/policies/text-and-data-mining-license","pdf/psychsci_oa.09567976251331041.pdf","xml/psychsci_oa.09567976251331041.xml","TRUE","TRUE",TRUE,"0.9","2026-06-20"
"10.1177/09567976251331042","09567976251331042","Infant Gaze Following Is Stable Across Markedly Different Cultures and Resilient to Family Adversities Associated With War and Climate Change","2025","https://creativecommons.org/licenses/by/4.0/ | https://journals.sagepub.com/page/policies/text-and-data-mining-license","pdf/psychsci_oa.09567976251331042.pdf","xml/psychsci_oa.09567976251331042.xml","TRUE","TRUE",TRUE,"0.9","2026-06-20"
"10.1177/09567976251331053","09567976251331053","Doubling-Back Aversion: A Reluctance to Make Progress by Undoing It","2025","https://creativecommons.org/licenses/by-nc/4.0/ | https://journals.sagepub.com/page/policies/text-and-data-mining-license","pdf/psychsci_oa.09567976251331053.pdf","xml/psychsci_oa.09567976251331053.xml","TRUE","TRUE",TRUE,"0.9","2026-06-20"
"10.1177/09567976251333666","09567976251333666","Commentary on Eskreis-Winkler and Fishbach (2019): A Tendency to Answer Consistently Can Generate Apparent Failures to Learn From Failure","2025","https://creativecommons.org/licenses/by/4.0/ | https://journals.sagepub.com/page/policies/text-and-data-mining-license","pdf/psychsci_oa.09567976251333666.pdf","xml/psychsci_oa.09567976251333666.xml","TRUE","TRUE",TRUE,"0.9","2026-06-20"
"10.1177/09567976251335583","09567976251335583","Are There Really People With No Inner Voice? Commentary on Nedergaard and Lupyan (2024)","2025","https://creativecommons.org/licenses/by-nc/4.0/ | https://journals.sagepub.com/page/policies/text-and-data-mining-license","pdf/psychsci_oa.09567976251335583.pdf","xml/psychsci_oa.09567976251335583.xml","TRUE","TRUE",TRUE,"0.9","2026-06-20"
"10.1177/09567976251335585","09567976251335585","What We Think Others Think and Do About Climate Change: A Multicountry Test of Pluralistic Ignorance and Public-Consensus Messaging","2025","https://creativecommons.org/licenses/by/4.0/ | https://journals.sagepub.com/page/policies/text-and-data-mining-license","pdf/psychsci_oa.09567976251335585.pdf","xml/psychsci_oa.09567976251335585.xml","TRUE","TRUE",TRUE,"0.9","2026-06-20"
"10.1177/09567976251339195","09567976251339195","Economic Consequences of Numerical Adaptation","2025","https://creativecommons.org/licenses/by-nc/4.0/ | https://journals.sagepub.com/page/policies/text-and-data-mining-license","pdf/psychsci_oa.09567976251339195.pdf","xml/psychsci_oa.09567976251339195.xml","TRUE","TRUE",TRUE,"0.9","2026-06-20"
"10.1177/09567976251344549","09567976251344549","How Convincing Is a Crowd? Quantifying the Persuasiveness of a Consensus for Different Individuals and Types of Claims","2025","https://creativecommons.org/licenses/by/4.0/ | https://journals.sagepub.com/page/policies/text-and-data-mining-license","pdf/psychsci_oa.09567976251344549.pdf","xml/psychsci_oa.09567976251344549.xml","TRUE","TRUE",TRUE,"0.9","2026-06-20"
"10.1177/09567976251346178","09567976251346178","Protecting Public Goods or Helping Free Riders? A Real-Life Moral Dilemma in Interethnic and Intraethnic Encounters","2025","https://creativecommons.org/licenses/by-nc/4.0/ | https://journals.sagepub.com/page/policies/text-and-data-mining-license","pdf/psychsci_oa.09567976251346178.pdf","xml/psychsci_oa.09567976251346178.xml","TRUE","TRUE",TRUE,"0.9","2026-06-20"
"10.1177/09567976251347221","09567976251347221","Cognitive Abilities and Educational Attainment as Antecedents of Mental Disorders: A Total Population Study of Males","2025","https://creativecommons.org/licenses/by/4.0/ | https://journals.sagepub.com/page/policies/text-and-data-mining-license","pdf/psychsci_oa.09567976251347221.pdf","xml/psychsci_oa.09567976251347221.xml","TRUE","TRUE",TRUE,"0.9","2026-06-20"
"10.1177/09567976251349816","09567976251349816","Introspective Access or Retrospective Inference? Mind-Wandering Reports Are Shaped by Performance Feedback","2025","https://creativecommons.org/licenses/by/4.0/ | https://journals.sagepub.com/page/policies/text-and-data-mining-license","pdf/psychsci_oa.09567976251349816.pdf","xml/psychsci_oa.09567976251349816.xml","TRUE","TRUE",TRUE,"0.9","2026-06-20"
"10.1177/09567976251350958","09567976251350958","Native Now, Equity Now: Implicit Associations Between Native Peoples and the Past Predict Reduced Support for Racial Equity","2025","https://creativecommons.org/licenses/by-nc/4.0/ | https://journals.sagepub.com/page/policies/text-and-data-mining-license","pdf/psychsci_oa.09567976251350958.pdf","xml/psychsci_oa.09567976251350958.xml","TRUE","TRUE",TRUE,"0.9","2026-06-20"
"10.1177/09567976251350960","09567976251350960","Adherence to Personal Resolutions Across Time, Culture, and Goal Domains","2025","https://creativecommons.org/licenses/by-nc/4.0/ | https://journals.sagepub.com/page/policies/text-and-data-mining-license","pdf/psychsci_oa.09567976251350960.pdf","xml/psychsci_oa.09567976251350960.xml","TRUE","TRUE",TRUE,"0.9","2026-06-20"
"10.1177/09567976251350965","09567976251350965","Polygenic Associations With Educational Attainment in East Versus West Germany: Differences Emerge After Reunification","2025","https://creativecommons.org/licenses/by/4.0/ | https://journals.sagepub.com/page/policies/text-and-data-mining-license","pdf/psychsci_oa.09567976251350965.pdf","xml/psychsci_oa.09567976251350965.xml","TRUE","TRUE",TRUE,"0.9","2026-06-20"
"10.1177/09567976251351022","09567976251351022","Terminal Increases in Depressive Symptoms in a Multinational Twin Consortium","2025","https://creativecommons.org/licenses/by-nc/4.0/ | https://journals.sagepub.com/page/policies/text-and-data-mining-license","pdf/psychsci_oa.09567976251351022.pdf","xml/psychsci_oa.09567976251351022.xml","TRUE","TRUE",TRUE,"0.9","2026-06-20"
"10.1177/09567976251353753","09567976251353753","Gender Essentialism Leads to Biased Learning Opportunities That Shape Women’s Career Interests","2025","https://creativecommons.org/licenses/by-nc/4.0/ | https://journals.sagepub.com/page/policies/text-and-data-mining-license","pdf/psychsci_oa.09567976251353753.pdf","xml/psychsci_oa.09567976251353753.xml","TRUE","TRUE",TRUE,"0.9","2026-06-20"
"10.1177/09567976251355594","09567976251355594","“Stop the Count!”—How Reporting Partial Election Results Fuels Beliefs in Election Fraud","2025","https://creativecommons.org/licenses/by-nc/4.0/ | https://journals.sagepub.com/page/policies/text-and-data-mining-license","pdf/psychsci_oa.09567976251355594.pdf","xml/psychsci_oa.09567976251355594.xml","TRUE","TRUE",TRUE,"0.9","2026-06-20"
"10.1177/09567976251365900","09567976251365900","Assortative Mating Is a Natural Consequence of Heritable Variation in Preferences and Preferred Traits","2025","https://creativecommons.org/licenses/by/4.0/ | https://journals.sagepub.com/page/policies/text-and-data-mining-license","pdf/psychsci_oa.09567976251365900.pdf","xml/psychsci_oa.09567976251365900.xml","TRUE","TRUE",TRUE,"0.9","2026-06-20"
"10.1177/09567976251370262","09567976251370262","Pseudo Effects: How Method Biases Can Produce Spurious Findings About Close Relationships","2025","https://creativecommons.org/licenses/by/4.0/ | https://journals.sagepub.com/page/policies/text-and-data-mining-license","pdf/psychsci_oa.09567976251370262.pdf","xml/psychsci_oa.09567976251370262.xml","TRUE","TRUE",TRUE,"0.9","2026-06-20"
"10.1177/09567976251372130","09567976251372130","Sexual Identity Development Milestones, Latent Profiles, and Proximal Minority Stressors in Australia’s Generation Z","2025","https://creativecommons.org/licenses/by/4.0/ | https://journals.sagepub.com/page/policies/text-and-data-mining-license","pdf/psychsci_oa.09567976251372130.pdf","xml/psychsci_oa.09567976251372130.xml","TRUE","TRUE",TRUE,"0.9","2026-06-20"
"10.1177/09567976251384975","09567976251384975","Mapping the Ecology of Risk: 100 Risky Choices of Modern Life","2025","https://creativecommons.org/licenses/by/4.0/ | https://journals.sagepub.com/page/policies/text-and-data-mining-license","pdf/psychsci_oa.09567976251384975.pdf","xml/psychsci_oa.09567976251384975.xml","TRUE","TRUE",TRUE,"0.9","2026-06-20"
"10.1177/09567976251391172","09567976251391172","One Action, Two Reference Frames: Compound Cognitive Maps of Object Location","2025","https://creativecommons.org/licenses/by-nc/4.0/ | https://journals.sagepub.com/page/policies/text-and-data-mining-license","pdf/psychsci_oa.09567976251391172.pdf","xml/psychsci_oa.09567976251391172.xml","TRUE","TRUE",TRUE,"0.9","2026-06-20"
"10.1177/09567976251392219","09567976251392219","Do the Effects of a Preschool Language Intervention Last in the Long Run? A 4-Year Follow-Up Study","2025","https://creativecommons.org/licenses/by/4.0/ | https://journals.sagepub.com/page/policies/text-and-data-mining-license","pdf/psychsci_oa.09567976251392219.pdf","xml/psychsci_oa.09567976251392219.xml","TRUE","TRUE",TRUE,"0.9","2026-06-20"
"10.1177/09567976251395074","09567976251395074","Representational Momentum Transcends Motion","2025","https://creativecommons.org/licenses/by-nc/4.0/ | https://journals.sagepub.com/page/policies/text-and-data-mining-license","pdf/psychsci_oa.09567976251395074.pdf","xml/psychsci_oa.09567976251395074.xml","TRUE","TRUE",TRUE,"0.9","2026-06-20"
"10.1177/09567976251400338","09567976251400338","The 2008 Great Recession Lowered Americans’ Class Identity","2026","https://creativecommons.org/licenses/by-nc/4.0/ | https://journals.sagepub.com/page/policies/text-and-data-mining-license","pdf/psychsci_oa.09567976251400338.pdf","xml/psychsci_oa.09567976251400338.xml","TRUE","TRUE",TRUE,"0.9","2026-06-20"